-- MySQL dump 10.13  Distrib 8.0.23, for Linux (x86_64)
--
-- Host: localhost    Database: diving_center
-- ------------------------------------------------------
-- Server version	8.0.23-0ubuntu0.20.04.1

/*!40101 SET @OLD_CHARACTER_SET_CLIENT=@@CHARACTER_SET_CLIENT */;
/*!40101 SET @OLD_CHARACTER_SET_RESULTS=@@CHARACTER_SET_RESULTS */;
/*!40101 SET @OLD_COLLATION_CONNECTION=@@COLLATION_CONNECTION */;
/*!50503 SET NAMES utf8mb4 */;
/*!40103 SET @OLD_TIME_ZONE=@@TIME_ZONE */;
/*!40103 SET TIME_ZONE='+00:00' */;
/*!40014 SET @OLD_UNIQUE_CHECKS=@@UNIQUE_CHECKS, UNIQUE_CHECKS=0 */;
/*!40014 SET @OLD_FOREIGN_KEY_CHECKS=@@FOREIGN_KEY_CHECKS, FOREIGN_KEY_CHECKS=0 */;
/*!40101 SET @OLD_SQL_MODE=@@SQL_MODE, SQL_MODE='NO_AUTO_VALUE_ON_ZERO' */;
/*!40111 SET @OLD_SQL_NOTES=@@SQL_NOTES, SQL_NOTES=0 */;

--
-- Temporary view structure for view `active_club_travels`
--

DROP TABLE IF EXISTS `active_club_travels`;
/*!50001 DROP VIEW IF EXISTS `active_club_travels`*/;
SET @saved_cs_client     = @@character_set_client;
/*!50503 SET character_set_client = utf8mb4 */;
/*!50001 CREATE VIEW `active_club_travels` AS SELECT 
 1 AS `start_date`,
 1 AS `duration`,
 1 AS `specification`,
 1 AS `cost`*/;
SET character_set_client = @saved_cs_client;

--
-- Table structure for table `adress_of_members`
--

DROP TABLE IF EXISTS `adress_of_members`;
/*!40101 SET @saved_cs_client     = @@character_set_client */;
/*!50503 SET character_set_client = utf8mb4 */;
CREATE TABLE `adress_of_members` (
  `user_id` int unsigned NOT NULL COMMENT 'Ссылка на идентификатор члена клуба',
  `country` varchar(255) COLLATE utf8mb4_unicode_ci DEFAULT 'Hidden' COMMENT 'Страна',
  `city` varchar(255) COLLATE utf8mb4_unicode_ci DEFAULT 'Hidden' COMMENT 'Город',
  `street` varchar(255) COLLATE utf8mb4_unicode_ci DEFAULT 'Hidden' COMMENT 'Улица',
  `house_number` int unsigned DEFAULT NULL COMMENT 'Номер дома',
  `apart` int unsigned DEFAULT NULL COMMENT 'Номер квартиры',
  `po_index` int unsigned DEFAULT NULL COMMENT 'Почтовый индекс',
  `updated_at` datetime DEFAULT CURRENT_TIMESTAMP ON UPDATE CURRENT_TIMESTAMP COMMENT 'Время обновления сведений',
  PRIMARY KEY (`user_id`),
  CONSTRAINT `addr_of_memb_fk` FOREIGN KEY (`user_id`) REFERENCES `members` (`id`) ON DELETE CASCADE
) ENGINE=InnoDB DEFAULT CHARSET=utf8mb4 COLLATE=utf8mb4_unicode_ci COMMENT='Адреса членов клуба';
/*!40101 SET character_set_client = @saved_cs_client */;

--
-- Dumping data for table `adress_of_members`
--

LOCK TABLES `adress_of_members` WRITE;
/*!40000 ALTER TABLE `adress_of_members` DISABLE KEYS */;
INSERT INTO `adress_of_members` VALUES (1,'Seychelles','Lehnerfurt','71862 Arvilla Junctions Suite 477',628,0,45381,'2005-01-30 10:43:35'),(2,'Nauru','East Maynard','7391 Nakia Forest',87,0,44516,'2017-12-11 06:19:22'),(3,'Egypt','D\'Amoreburgh','5364 Nienow Estates',25505,0,99960,'2012-11-11 05:32:06'),(4,'French Guiana','Torpside','730 Johnston Ports Suite 539',54860,0,94679,'2001-04-21 13:33:26'),(5,'Burundi','Lake Trevion','838 Denesik Brook Apt. 972',8615,0,33701,'1994-10-08 13:01:01'),(6,'Saint Barthelemy','Hudsonstad','173 Alexzander Greens',97480,0,83569,'1989-09-20 03:45:59'),(7,'Lebanon','Larsonberg','7321 Mittie Lake Apt. 175',170,0,41760,'2007-04-30 00:45:33'),(8,'Malaysia','Jalonbury','55751 Wyman Meadows',42635,0,83497,'2020-02-21 08:17:27'),(9,'Ghana','Turnerburgh','416 Jamil Haven',4342,0,20531,'1975-06-17 05:10:48'),(10,'Madagascar','West Phoebe','409 Vandervort Mills Apt. 719',782,0,27894,'1970-05-05 03:40:16'),(11,'France','VonRuedenfort','9774 Toney Ways',5314,0,82898,'1981-03-10 05:01:35'),(12,'Dominica','Lake Danyka','760 Harris Mall Apt. 188',807,0,2867,'2004-02-17 22:45:29'),(13,'Croatia','Tadside','8528 Tressie Tunnel',20640,0,18734,'2003-04-17 22:07:14'),(14,'South Georgia and the South Sandwich Islands','West Carmellastad','0774 Velva Ford Suite 806',326,0,27748,'2004-06-07 23:52:50'),(15,'Faroe Islands','North Judechester','028 DuBuque Meadow Suite 879',6893,0,48059,'2006-11-27 07:46:09'),(16,'Niger','North Robbmouth','1497 Lemke Via Suite 616',83429,0,75765,'2014-01-18 06:44:02'),(17,'Bangladesh','Andreaneside','93019 Ahmad Field',564,0,12789,'1993-03-25 12:27:51'),(18,'French Polynesia','Magdalenaview','1324 Freeman Extension Suite 626',80949,0,45700,'1983-12-27 22:18:34'),(19,'Central African Republic','Jamalhaven','494 Bessie Park Suite 227',916,0,18283,'1984-05-02 08:21:53'),(20,'Falkland Islands (Malvinas)','Port Austenshire','410 Candida Estates',789,0,87227,'1998-05-01 20:08:39'),(21,'Aruba','Port Whitney','106 Dare Mountain',37546,0,72585,'1981-09-24 13:52:39'),(22,'Panama','Richieton','1983 Hans Lane',34482,0,7332,'1987-06-18 20:16:25'),(23,'Lithuania','Lake Rosendo','0236 Henriette Inlet',841,0,61574,'2018-03-15 04:17:05'),(24,'United Kingdom','Carrollville','180 Towne Freeway',92622,0,10090,'1996-12-03 07:50:07'),(25,'Jordan','Stephaniaborough','0821 Ebert Center Apt. 575',743,0,87745,'1982-09-26 03:07:33'),(26,'Burkina Faso','West Melody','183 Raheem Burgs',99940,0,17760,'1991-11-22 10:24:57'),(27,'Tokelau','Naderburgh','91566 Mann Glen Apt. 514',69434,0,18533,'1973-09-19 21:22:12'),(28,'Vietnam','Hughburgh','0418 Abe Land Apt. 481',5841,0,52525,'2002-02-21 07:15:28'),(29,'Japan','Astridberg','46189 Roel Hollow Suite 570',645,0,92303,'1985-04-26 23:37:04'),(30,'Belgium','Littelport','79066 Michale Club Apt. 018',97,0,62921,'2012-02-07 20:50:05'),(31,'India','Audreannefort','461 Ahmad Court',7613,0,63950,'2013-02-09 10:40:37'),(32,'Denmark','Walkerland','053 Jamar Harbors',6239,0,98232,'1977-03-22 18:14:53'),(33,'Liberia','South Jaylan','8420 Angelina Haven Suite 630',8432,0,60647,'1971-09-09 12:59:04'),(34,'Tajikistan','Jazmynmouth','43612 Weissnat Row',467,0,48287,'1980-02-24 04:31:56'),(35,'Peru','Huelburgh','014 Schmeler Freeway Apt. 106',6148,0,78047,'1974-11-13 21:49:03'),(36,'Christmas Island','East Lynn','6524 Schinner Valleys Suite 880',69608,0,41678,'1981-03-12 18:17:00'),(37,'Equatorial Guinea','Ceasarport','97958 Ashley Extensions Suite 203',255,0,30979,'2006-10-27 20:03:00'),(38,'Costa Rica','East Alessandrafurt','93519 Elena Orchard',9991,0,33763,'1974-11-27 06:05:27'),(39,'Jordan','Shanonfort','3201 Kari Drive',28069,0,13343,'2016-04-01 19:13:01'),(40,'Netherlands','Grantmouth','838 Juwan Way',124,0,98274,'2019-03-05 22:11:35'),(41,'Malaysia','Lake Sincereberg','50559 Maurice Course',8594,0,40788,'2020-11-10 01:54:21'),(42,'Japan','Reynoldsshire','34716 Mohr Rapid',776,0,90991,'1995-03-03 18:37:55'),(43,'Bahrain','Connellyland','0597 Bechtelar Landing',14237,0,8150,'2001-06-12 04:49:20'),(44,'Cote d\'Ivoire','New Kiarafurt','9393 Rosemary Crescent Apt. 226',8720,0,28993,'2001-05-18 18:17:36'),(45,'Antigua and Barbuda','East Destiniborough','57598 Mayra Walks',3595,0,12147,'1976-01-13 13:53:42'),(46,'Isle of Man','Lake Anabelle','94527 Hermiston Burg Apt. 668',327,0,71574,'2016-09-30 12:53:30'),(47,'Oman','Port Stanford','705 Johann Fork Apt. 240',2464,0,88274,'2000-03-07 00:51:29'),(48,'Bermuda','West Edythstad','60225 Dare Plain Apt. 527',5176,0,44477,'1991-02-14 00:05:01'),(49,'Cyprus','Uptonside','631 Hagenes Spring',598,0,13850,'1993-10-22 23:24:06'),(50,'Slovenia','Janisburgh','8496 Upton Squares Apt. 950',6576,0,5558,'1973-04-30 11:52:42'),(51,'Northern Mariana Islands','Kristopherton','873 Mosciski Causeway Suite 471',20407,0,67419,'1990-06-09 23:34:21'),(52,'Sweden','Heaneybury','7150 Creola Keys',9918,0,88603,'1979-10-28 11:50:31'),(53,'Western Sahara','Emilyberg','3135 Chase Pike',564,0,37063,'2015-07-01 10:18:16'),(54,'India','East Skylastad','0840 Kutch Place Suite 605',6090,0,57514,'2000-06-30 04:39:38'),(55,'Hungary','South Minaside','881 Tremblay Road Apt. 019',16249,0,75017,'2014-07-02 15:17:44'),(56,'Gabon','Ashtynton','22241 August Drive',2714,0,45466,'1995-06-30 01:17:48'),(57,'Georgia','Legrosmouth','724 Kohler Trail Apt. 239',541,0,17142,'2001-06-30 01:01:23'),(58,'South Georgia and the South Sandwich Islands','Champlinfurt','28166 Senger Lane',2817,0,96020,'2013-11-02 17:33:41'),(59,'Canada','Yesseniafort','83067 Jasper Ville',449,0,37445,'2008-10-09 09:28:28'),(60,'Saint Barthelemy','Tonyport','77691 Josh Grove',20813,0,3231,'2006-08-16 01:52:24'),(61,'Reunion','Stephontown','68074 Kuhn Wall Apt. 968',1824,0,6352,'2016-10-11 05:58:02'),(62,'Liberia','Port Connieside','60364 Reece Spring Suite 815',972,0,54773,'2016-05-05 21:20:03'),(63,'Tanzania','Sabrinaview','6219 Marvin Stravenue Suite 433',6134,0,46979,'2015-06-02 19:19:14'),(64,'Mexico','Waelchishire','2044 Huel Square Suite 545',19950,0,97829,'1982-06-23 23:00:47'),(65,'Argentina','Malloryton','849 Faustino Shores',455,0,27685,'1982-11-14 20:02:15'),(66,'Togo','Wittingbury','6096 Beahan Stream',749,0,93594,'2014-07-30 23:43:09'),(67,'Czech Republic','Annieport','00132 Boyer Track',9834,0,20560,'2006-01-25 18:11:56'),(68,'Cote d\'Ivoire','Mertieside','29426 Darius Tunnel Apt. 930',3436,0,12283,'1998-01-30 23:54:41'),(69,'Netherlands Antilles','West Marina','34811 Lindgren Squares Apt. 807',55640,0,92174,'1982-07-10 15:34:55'),(70,'India','Effertzhaven','167 Mraz Unions Suite 061',8395,0,31815,'2009-04-16 06:21:55'),(71,'Honduras','Swaniawskihaven','29890 Kozey Course Suite 729',183,0,49731,'2016-12-03 08:25:26'),(72,'Tokelau','West Clinton','638 Waters Square Apt. 540',70,0,8455,'2001-10-08 09:25:50'),(73,'British Virgin Islands','New Nora','88615 Nienow Burgs Apt. 774',9368,0,19781,'1983-02-11 00:41:15'),(74,'Liechtenstein','Port Allenefurt','271 Mattie Brooks',536,0,77987,'1975-09-21 02:43:02'),(75,'Vietnam','Jaskolskimouth','37792 Elena Vista Apt. 206',443,0,38524,'2018-12-05 15:09:07'),(76,'Lithuania','Eltonville','8106 Abdiel Isle',675,0,90359,'1982-08-01 20:35:07'),(77,'South Georgia and the South Sandwich Islands','East Rossfort','08858 Sean Harbors Apt. 931',9091,0,48551,'1973-01-11 02:26:09'),(78,'Mali','Lloydside','6656 Carmen Radial Apt. 314',2038,0,28267,'1985-07-08 08:43:31'),(79,'Bermuda','Josiechester','02697 Stroman Ranch Apt. 183',4612,0,61645,'2007-05-18 04:04:17'),(80,'Honduras','Bednarstad','65800 Adele Meadows Apt. 742',8450,0,89314,'1974-04-09 23:24:39'),(81,'Pakistan','West Kaley','123 Kian Circles Apt. 716',68254,0,70987,'1973-11-14 09:20:59'),(82,'Egypt','West Marilouhaven','1103 Gerda Cape Apt. 885',499,0,71339,'2011-09-27 14:10:42'),(83,'French Southern Territories','Kilbackmouth','75709 Darron Ferry',61108,0,74781,'2019-04-14 05:31:36'),(84,'Bouvet Island (Bouvetoya)','East Pamelashire','694 Nettie Branch Suite 710',37662,0,10375,'2020-06-03 10:02:28'),(85,'Netherlands','Padbergland','46105 Bernier Mill Suite 910',381,0,52067,'1999-06-30 19:19:04'),(86,'Mexico','West Oral','687 Rutherford Dale Apt. 723',3852,0,1184,'1976-02-05 08:58:21'),(87,'Indonesia','Hilllland','31448 Camden Expressway',209,0,69364,'1973-11-05 21:08:44'),(88,'Panama','Verdaborough','4940 Breitenberg Stream Apt. 929',433,0,99644,'2004-02-27 16:44:56'),(89,'Micronesia','Lake Sydneeshire','745 Gottlieb Streets Suite 570',439,0,82737,'1996-03-15 04:33:22'),(90,'United States Minor Outlying Islands','Lavernaborough','1394 Sydnie Loop Suite 766',8255,0,71100,'1981-05-15 21:25:57'),(91,'Saint Martin','Amanimouth','2842 Nolan Ford Apt. 280',139,0,59674,'2021-03-13 05:23:49'),(92,'Bahamas','Aliyahfort','877 Carroll Parks',17392,0,62610,'2016-07-21 03:31:03'),(93,'Western Sahara','Lake Donny','99225 Hilbert Crest Suite 792',775,0,88476,'1978-05-25 14:47:23'),(94,'Antarctica (the territory South of 60 deg S)','West Janick','77244 Manuela Highway',39506,0,92074,'2011-05-19 12:43:40'),(95,'New Zealand','West Jennieborough','267 Rhett Walks',8553,0,13805,'1976-07-30 09:41:18'),(96,'Algeria','Lake Aurelio','09375 Andre Walks',722,0,18525,'1980-12-15 13:27:30'),(97,'Niue','Haleighfort','214 Everardo Circle',1675,0,37675,'1982-05-02 19:06:03'),(98,'Kyrgyz Republic','Coreneshire','593 Ruby Row',230,0,29570,'1990-12-28 14:34:07'),(99,'Puerto Rico','Estatown','7548 Luettgen Stravenue',303,0,33796,'1979-10-18 18:38:50'),(100,'Angola','Clevelandfort','4008 Dare Way',6542,0,52844,'1994-06-24 19:38:43'),(101,'Brazil','Eldonland','67657 Tromp Prairie',18468,0,40366,'2013-11-19 11:34:11'),(102,'Antigua and Barbuda','Delphinehaven','019 Mina Bypass Apt. 497',45545,0,46583,'1995-09-01 09:25:41'),(103,'Solomon Islands','Braunton','4263 Grayson Park Suite 278',46345,0,86752,'2003-01-19 05:34:00'),(104,'Brazil','Bergnaumland','2805 Faye Terrace',737,0,90687,'1996-04-13 17:27:17'),(105,'Cook Islands','Carlottabury','732 Pattie Greens Suite 531',669,0,9641,'2006-09-02 08:23:31'),(106,'Papua New Guinea','Verlaport','7227 Ahmad Island',10897,0,28121,'1992-02-28 19:10:43'),(107,'Grenada','Williamsonside','7825 Dickinson Hills',2203,0,10571,'1970-02-10 21:52:37'),(108,'Armenia','North Jesus','7699 Willow Turnpike',2433,0,13566,'1975-02-25 09:24:06'),(109,'Colombia','Port Reeceview','2352 Mills Rapid',492,0,94865,'1996-04-16 05:16:59'),(110,'Panama','Smithamhaven','3947 Bertrand Rapids Apt. 716',63569,0,31180,'2009-02-17 09:50:01'),(111,'Montenegro','Declanland','50318 Hershel Extensions',37704,0,66811,'2019-02-27 05:25:55'),(112,'Eritrea','East Antoinettefurt','857 Johnson Court Suite 627',70469,0,12520,'1973-06-03 08:16:36'),(113,'Australia','O\'Reillyfurt','993 Fletcher Divide Apt. 985',597,0,77807,'1973-10-11 12:56:29'),(114,'French Guiana','Cristfurt','379 Gregoria Passage Apt. 385',6546,0,83345,'2012-11-30 04:09:58'),(115,'Bermuda','North Sherwood','2140 Carmen Summit Apt. 205',9051,0,97650,'1999-12-16 06:43:11'),(116,'Wallis and Futuna','Collinsfurt','027 Parker Ford',8693,0,31043,'2009-10-03 03:33:42'),(117,'Netherlands Antilles','Wernerhaven','50124 Kyra Glen',45658,0,90354,'1983-02-08 13:03:26'),(118,'Albania','Port Joeystad','810 Eli Stravenue Apt. 889',1089,0,89590,'1977-07-07 11:48:54'),(119,'Isle of Man','Wilkinsonport','66631 Hyman Divide',97846,0,44590,'1985-12-27 08:39:44'),(120,'Vietnam','Lake Lizeth','4658 Schiller Park Suite 207',60133,0,48019,'1995-11-10 12:21:48'),(121,'Costa Rica','Port Shayleeport','0867 Jairo Parkways Apt. 208',43115,0,32425,'1986-07-29 05:19:17'),(122,'Marshall Islands','Nitzscheview','3842 Royal Gardens Suite 239',8927,0,21403,'2014-06-24 13:19:44'),(123,'Vietnam','Hermannshire','836 Bethel Motorway Apt. 205',1364,0,71834,'2017-04-07 05:03:37'),(124,'Austria','Marvintown','6072 Gutmann Mount Apt. 186',52103,0,5355,'2017-08-16 03:10:00'),(125,'Belize','Port Stefanieton','32769 Mitchell Overpass Suite 406',80470,0,11811,'2003-10-01 12:45:58'),(126,'Sudan','Alexandreamouth','108 Schmitt Branch',7163,0,41477,'2008-07-19 13:35:53'),(127,'Indonesia','Jessikashire','2873 O\'Kon Forest Apt. 836',9450,0,18434,'1991-01-19 06:47:08'),(128,'Antigua and Barbuda','East Araport','23432 Dayana Fort',8432,0,14722,'1984-08-16 01:21:37'),(129,'Singapore','Maggioville','9164 Brendon Key Apt. 487',389,0,69496,'1979-12-06 10:13:40'),(130,'United Arab Emirates','Sebastianton','7573 Eichmann Extensions',718,0,74823,'1979-04-09 19:44:39'),(131,'Puerto Rico','North Alvenastad','7509 Magdalena Plains',2895,0,62280,'2006-03-28 20:48:50'),(132,'Austria','Boyerville','794 Wunsch Canyon',494,0,17154,'2010-06-02 20:57:53'),(133,'Western Sahara','Lake Rodrickland','4158 Funk Corner Apt. 526',1884,0,83324,'2016-03-06 09:28:58'),(134,'Iran','East Rosalindfort','63926 Gottlieb Mill',922,0,40933,'2017-04-03 07:27:15'),(135,'Belgium','East Baileyland','243 Orion Circles Suite 106',2163,0,70685,'1980-09-16 14:33:57'),(136,'Turkey','South Darby','6232 Stephanie Pine',5986,0,15964,'1972-03-09 07:24:46'),(137,'Falkland Islands (Malvinas)','Donnellybury','16510 Will Burg Apt. 581',904,0,69143,'2010-02-27 20:56:56'),(138,'Somalia','New Valeriemouth','1479 Alexane Camp',8537,0,53286,'1987-08-15 23:27:55'),(139,'Korea','East Liza','891 Mayert Freeway',7405,0,35810,'2011-08-27 20:42:38'),(140,'Sri Lanka','Emiemouth','58312 Runolfsdottir Path',642,0,95526,'1993-05-13 22:01:56'),(141,'Dominican Republic','Shawnview','6035 Earnestine Well',3765,0,54170,'2012-06-29 04:28:19'),(142,'Vanuatu','Schultztown','05571 Jacques Way Suite 064',2188,0,31313,'1984-09-03 21:30:56'),(143,'Armenia','Ullrichberg','467 Bayer Brooks',597,0,39287,'2018-10-10 20:02:54'),(144,'Peru','Lake Javon','758 Boyer Pine',7172,0,36397,'1970-09-14 21:01:42'),(145,'Yemen','Okunevatown','877 Veda Road',279,0,3049,'2013-01-19 02:14:32'),(146,'Nicaragua','Wittingfurt','5388 Kreiger Valleys',8558,0,31639,'1991-03-09 00:32:41'),(147,'Togo','Lake Geovanyhaven','62183 Botsford Landing Suite 070',74544,0,31138,'2014-03-05 21:53:53'),(148,'Bahamas','North Kamrynstad','4184 Christophe Lakes Apt. 560',5068,0,18856,'1996-06-13 03:59:05'),(149,'Iran','Roobbury','76727 Rosalee Circles',3711,0,67347,'1984-10-21 06:26:44'),(150,'Indonesia','West Sharonmouth','8701 Walsh Trafficway',34605,0,52741,'1990-11-01 11:03:15'),(151,'Estonia','East Ellen','921 O\'Conner Branch Apt. 535',87506,0,30046,'2017-05-13 08:52:22'),(152,'Mongolia','South Desiree','461 Hazle Lane',4386,0,5395,'2010-12-30 01:03:54'),(153,'Macedonia','West Alfonzotown','050 Carter Forge Suite 491',493,0,39223,'1977-09-19 04:58:38'),(154,'Svalbard & Jan Mayen Islands','North Leolaborough','64955 Myra Ramp',445,0,41774,'1983-03-04 18:33:45'),(155,'Lithuania','South Juliusshire','99055 Mario Curve',728,0,22826,'1971-07-15 17:54:04'),(156,'Mauritius','New Ahmadport','28967 Eldora Loaf',110,0,16532,'1988-03-10 12:56:05'),(157,'Mayotte','Lake Germainemouth','3147 Earl Rapids',2109,0,5718,'2006-12-08 10:56:50'),(158,'Mongolia','South Ileneport','30774 Rachel Isle',138,0,76045,'1985-10-19 22:42:03'),(159,'Vanuatu','West Candelarioburgh','939 Vernice Vista Suite 261',27,0,55200,'2015-04-28 10:27:23'),(160,'Maldives','Isobelborough','442 Linda Course',911,0,98850,'2008-11-08 12:08:32'),(161,'Turkey','Muellerfurt','2703 Hand Light Apt. 794',3768,0,75852,'1976-06-27 09:08:10'),(162,'Myanmar','Enriquehaven','529 Major Gardens Apt. 447',36064,0,67409,'1986-06-26 09:39:01'),(163,'Solomon Islands','Schillerbury','86771 Jeanette View Suite 826',211,0,87729,'1973-01-27 02:07:45'),(164,'Svalbard & Jan Mayen Islands','Quigleyside','4726 Glover Fork Apt. 779',705,0,71454,'2004-12-01 13:19:37'),(165,'Kazakhstan','McDermottville','4155 Carleton Street Apt. 110',154,0,38214,'1992-08-30 16:01:22'),(166,'Dominica','Johnsside','1677 Forrest Ville Apt. 393',11607,0,57048,'2018-12-27 16:02:42'),(167,'Cambodia','East Tyrell','68423 Abbott Camp',941,0,33616,'2004-05-31 06:28:32'),(168,'Isle of Man','Yolandamouth','835 Ottis Orchard Suite 270',9032,0,62927,'2019-08-06 13:32:33'),(169,'Montenegro','Alishaton','9849 Shawn Fork',9834,0,46237,'2020-01-22 17:51:12'),(170,'Jersey','South Marcelle','2843 Baumbach Stravenue',3324,0,83286,'1983-12-11 03:05:19'),(171,'Azerbaijan','Westbury','621 Lucinda Forge',387,0,82756,'1995-08-19 10:38:17'),(172,'Palau','Greenholtton','349 Stephon Track',66987,0,61241,'2003-03-09 11:16:50'),(173,'Jamaica','Cristinamouth','44849 Kaylin Crossing Apt. 809',530,0,86462,'2006-08-08 11:41:56'),(174,'Sri Lanka','Vickieport','1034 Kohler Ridge Suite 662',46962,0,4314,'2013-06-29 18:53:09'),(175,'Sudan','Fayfurt','44548 Ryder Green',9873,0,31136,'1982-01-13 15:31:20'),(176,'Slovenia','New Kamronland','22412 Devante Meadows',811,0,66951,'2018-06-22 06:32:34'),(177,'Saudi Arabia','Ritchiefurt','03119 Winifred Island Apt. 310',247,0,57320,'1988-01-28 19:46:09'),(178,'Spain','Langchester','84095 Keeling Knolls',936,0,75205,'2009-12-01 12:11:43'),(179,'Russian Federation','Kuvaliston','707 Christelle Via',399,0,80724,'1971-05-26 16:10:17'),(180,'Korea','Terryton','231 Filomena Land Apt. 792',23044,0,69942,'1973-02-11 01:43:43'),(181,'Marshall Islands','New Bayleetown','632 Prohaska Circles',85,0,96386,'2005-02-20 09:51:23'),(182,'Central African Republic','East Watsonville','567 Travon Harbor',1857,0,11552,'1999-02-28 21:10:45'),(183,'Cape Verde','Langoshburgh','6167 Vinnie Villages',6383,0,35091,'2007-02-25 03:20:58'),(184,'Niue','North Christopherview','242 Wolff Neck',35819,0,35383,'1988-04-29 17:30:24'),(185,'Anguilla','Turnershire','8470 Vandervort Road Apt. 767',307,0,33544,'2019-10-12 12:45:06'),(186,'Haiti','Abbeyville','689 Gusikowski Street Apt. 217',785,0,44259,'2001-05-22 06:06:32'),(187,'Philippines','Rhettton','45435 Jeramy Falls Suite 643',4857,0,58350,'2002-05-16 10:53:59'),(188,'Hong Kong','Aufderharburgh','67477 Jacobson Turnpike Apt. 775',6656,0,16668,'2020-01-07 16:00:19'),(189,'Gibraltar','Cindyport','4069 Clifton Point',637,0,18107,'1977-05-30 06:22:35'),(190,'Heard Island and McDonald Islands','South Devin','800 Hauck View',64052,0,50354,'1993-10-01 16:09:45'),(191,'Lao People\'s Democratic Republic','Collierport','328 Casper Shoal Suite 011',36851,0,50097,'1971-12-14 05:21:38'),(192,'Tokelau','Kenbury','599 Greenholt Road',5272,0,64229,'1983-08-14 15:01:01'),(193,'Uganda','Huelsmouth','249 Arturo Trace Suite 034',6836,0,16193,'1992-05-05 06:55:04'),(194,'Gambia','New Dallinview','614 Coby Summit',5176,0,7103,'2020-06-15 07:13:13'),(195,'Italy','Brakusmouth','18550 Dangelo Causeway Apt. 079',496,0,22993,'2017-10-22 20:55:14'),(196,'French Southern Territories','Legrosmouth','34343 Drake Hollow',631,0,45383,'1980-01-06 16:38:42'),(197,'Heard Island and McDonald Islands','Gottliebmouth','99771 Earnest Highway',7398,0,25414,'1978-05-12 18:46:05'),(198,'Ghana','Cartwrighttown','451 Gislason Vista',39633,0,47774,'2009-07-18 07:02:55'),(199,'Cayman Islands','Sandrinefort','052 Francesco Extensions',458,0,25424,'2020-11-12 00:18:35'),(200,'Nauru','West Adrienneton','9575 Barton Loaf Apt. 830',46598,0,65069,'1995-08-02 10:19:29');
/*!40000 ALTER TABLE `adress_of_members` ENABLE KEYS */;
UNLOCK TABLES;

--
-- Table structure for table `club_travels_list`
--

DROP TABLE IF EXISTS `club_travels_list`;
/*!40101 SET @saved_cs_client     = @@character_set_client */;
/*!50503 SET character_set_client = utf8mb4 */;
CREATE TABLE `club_travels_list` (
  `id` int unsigned NOT NULL AUTO_INCREMENT COMMENT 'Идентификатор записи',
  `start_date` datetime DEFAULT NULL COMMENT 'Дата начала поездки',
  `duration` int unsigned DEFAULT NULL COMMENT 'Продолжительность поездки',
  `specification` enum('professional','technical diving','continue education','specialization','recreation diving','freediving','beginner') COLLATE utf8mb4_unicode_ci DEFAULT NULL COMMENT 'Спецификация поездки',
  `cost` int unsigned DEFAULT NULL COMMENT 'Стоимость поездки',
  `travel_status` int unsigned DEFAULT NULL COMMENT 'Статус поездки',
  `updated_at` datetime DEFAULT CURRENT_TIMESTAMP ON UPDATE CURRENT_TIMESTAMP COMMENT 'Дата обновления',
  PRIMARY KEY (`id`),
  KEY `ctl_stat_fk` (`travel_status`),
  CONSTRAINT `ctl_stat_fk` FOREIGN KEY (`travel_status`) REFERENCES `status_of_travel` (`id`)
) ENGINE=InnoDB AUTO_INCREMENT=101 DEFAULT CHARSET=utf8mb4 COLLATE=utf8mb4_unicode_ci COMMENT='Таблица клубных поездок';
/*!40101 SET character_set_client = @saved_cs_client */;

--
-- Dumping data for table `club_travels_list`
--

LOCK TABLES `club_travels_list` WRITE;
/*!40000 ALTER TABLE `club_travels_list` DISABLE KEYS */;
INSERT INTO `club_travels_list` VALUES (1,'2017-05-24 19:25:19',8,'recreation diving',246836,2,'1989-03-25 08:04:53'),(2,'2001-10-22 19:14:24',11,'continue education',315951,1,'1998-10-29 16:58:46'),(3,'1998-10-19 09:03:48',11,'continue education',208123,2,'1984-03-10 17:24:03'),(4,'1974-10-27 20:40:25',4,'technical diving',107318,3,'1978-04-17 03:57:48'),(5,'1997-03-01 08:48:44',6,'recreation diving',197206,2,'2019-09-12 21:26:25'),(6,'1989-06-06 03:28:53',8,'freediving',133375,2,'2007-01-24 19:10:17'),(7,'2004-06-20 12:08:00',9,'freediving',343495,1,'1987-09-08 03:26:17'),(8,'2015-09-30 22:31:39',13,'specialization',210003,2,'1991-06-15 18:00:34'),(9,'2019-06-09 00:57:12',11,'recreation diving',56990,3,'1986-09-22 14:55:22'),(10,'1981-06-07 04:14:52',3,'beginner',268384,2,'2007-04-17 19:23:25'),(11,'2014-01-05 16:41:44',11,'freediving',151504,3,'1995-11-13 06:54:54'),(12,'2012-09-15 10:20:26',9,'beginner',347498,1,'2007-08-10 20:30:46'),(13,'1970-04-11 17:11:02',9,'beginner',128041,2,'2002-04-16 03:15:43'),(14,'2005-02-17 18:53:51',3,'specialization',244573,1,'1994-04-29 09:47:20'),(15,'1997-11-05 01:03:38',3,'beginner',55169,1,'1994-09-22 21:52:58'),(16,'1982-06-11 02:44:37',12,'freediving',296940,1,'2002-07-24 07:26:48'),(17,'2009-03-30 17:35:18',4,'continue education',125590,3,'1991-11-02 02:59:15'),(18,'2014-01-31 14:39:24',4,'specialization',33607,1,'1973-06-25 04:10:49'),(19,'1971-10-14 00:27:55',9,'beginner',172556,2,'1977-04-04 20:57:02'),(20,'1991-12-05 13:47:44',10,'beginner',130698,2,'2012-08-24 16:31:24'),(21,'1994-03-21 22:39:12',11,'specialization',255044,2,'2007-03-11 13:14:42'),(22,'1980-12-19 02:56:22',9,'recreation diving',97901,2,'1985-07-05 21:48:02'),(23,'1981-08-10 20:50:40',10,'professional',304408,3,'1997-09-10 06:26:39'),(24,'2010-09-30 09:50:00',3,'beginner',317035,1,'2002-07-19 08:58:57'),(25,'1995-04-13 01:44:09',6,'freediving',317996,2,'2007-03-13 23:06:32'),(26,'1970-09-18 01:38:49',3,'beginner',251791,1,'1973-10-24 13:54:50'),(27,'1995-04-27 01:02:43',11,'freediving',214282,3,'1983-11-27 02:56:06'),(28,'2012-01-29 01:35:32',12,'freediving',189666,2,'2008-02-06 17:59:21'),(29,'2019-08-20 02:16:05',3,'specialization',336651,1,'1981-06-25 04:44:31'),(30,'2003-09-06 19:37:32',10,'beginner',61885,3,'1981-10-15 01:17:33'),(31,'1977-04-14 03:00:37',7,'continue education',198166,2,'1989-04-03 23:08:26'),(32,'2016-07-28 10:50:47',13,'specialization',335160,3,'1982-11-01 12:16:51'),(33,'2017-12-07 17:31:05',12,'professional',23915,2,'1995-09-11 06:24:44'),(34,'1978-12-06 08:47:51',3,'continue education',42762,2,'2019-11-16 04:42:50'),(35,'1981-03-07 21:47:53',11,'specialization',179856,3,'1985-10-29 10:30:41'),(36,'2003-09-10 05:12:50',11,'professional',150703,1,'1990-01-07 15:06:42'),(37,'1977-06-28 12:35:34',14,'beginner',118904,3,'2006-04-06 19:58:00'),(38,'1981-10-10 23:17:01',13,'professional',47724,2,'2014-02-09 05:36:44'),(39,'1985-10-18 08:08:55',5,'continue education',315061,1,'2007-11-20 07:07:19'),(40,'2019-05-23 12:50:11',8,'recreation diving',278504,2,'2018-02-09 07:11:37'),(41,'2013-12-10 20:52:58',5,'specialization',249925,2,'2016-06-26 10:17:56'),(42,'1976-07-04 08:06:22',6,'continue education',101357,3,'2002-12-08 12:15:56'),(43,'1996-09-27 10:23:23',4,'recreation diving',223896,1,'2018-12-09 15:06:50'),(44,'1984-10-01 01:32:22',9,'continue education',186074,1,'2018-12-07 16:49:41'),(45,'1995-01-23 13:26:09',3,'continue education',57437,2,'1990-01-14 00:02:36'),(46,'1992-07-23 01:28:19',5,'technical diving',188124,1,'1986-07-21 10:32:02'),(47,'1991-09-17 03:00:37',9,'professional',118905,1,'1970-06-02 04:12:58'),(48,'1990-02-13 20:43:15',5,'professional',193128,3,'1991-10-01 02:55:48'),(49,'2007-01-03 17:24:09',12,'technical diving',278571,2,'1973-09-11 22:29:04'),(50,'2005-03-26 02:41:52',9,'recreation diving',274491,1,'1974-10-17 21:19:26'),(51,'2019-08-16 13:56:11',7,'technical diving',247744,1,'2020-01-10 19:51:20'),(52,'1988-02-15 16:57:02',3,'freediving',239239,2,'1997-11-13 14:32:40'),(53,'1996-09-21 23:46:01',5,'freediving',185471,1,'2019-11-04 05:09:31'),(54,'2004-03-29 09:03:50',8,'continue education',225433,2,'1988-10-09 19:18:10'),(55,'2001-01-28 12:09:03',13,'beginner',46323,1,'1984-06-07 14:44:01'),(56,'1989-03-15 15:24:27',5,'recreation diving',207775,3,'1989-04-30 07:51:50'),(57,'2005-11-11 23:11:50',11,'professional',88367,1,'1988-12-23 21:27:08'),(58,'2020-08-13 16:47:39',14,'specialization',22554,1,'1972-08-11 04:19:48'),(59,'2015-06-16 03:47:52',13,'recreation diving',288790,2,'2017-09-04 03:25:27'),(60,'2001-12-19 18:26:34',8,'freediving',17892,1,'1987-12-13 15:44:43'),(61,'1980-05-20 11:05:30',6,'technical diving',14875,1,'1977-05-15 01:59:40'),(62,'1999-12-20 02:01:26',14,'recreation diving',162819,1,'1998-10-27 04:29:18'),(63,'1985-01-10 20:56:46',10,'continue education',81721,1,'1975-12-09 15:51:35'),(64,'2020-05-21 16:11:09',11,'beginner',108914,3,'1974-01-14 19:42:23'),(65,'1987-03-21 19:55:03',8,'freediving',320138,3,'1989-10-13 18:32:09'),(66,'1990-01-28 08:52:08',13,'recreation diving',177679,3,'2005-06-30 04:46:31'),(67,'1990-04-26 14:56:15',14,'continue education',54798,1,'1974-10-28 11:12:43'),(68,'1974-05-28 15:06:24',5,'beginner',278041,3,'1980-11-29 03:50:18'),(69,'2018-07-06 02:22:46',11,'technical diving',122698,2,'2009-06-05 16:50:17'),(70,'1987-06-16 23:44:36',13,'recreation diving',136275,1,'1988-03-11 17:35:50'),(71,'1998-11-03 21:19:21',4,'recreation diving',141449,2,'1998-09-23 10:27:47'),(72,'1984-12-14 20:30:14',5,'beginner',131469,2,'2002-04-23 06:55:37'),(73,'1993-05-12 01:17:42',5,'recreation diving',133525,1,'2009-02-09 02:01:03'),(74,'2003-02-12 20:51:53',13,'technical diving',264142,3,'2020-03-17 16:54:59'),(75,'1975-02-26 07:12:31',9,'recreation diving',22820,1,'1989-08-04 22:55:17'),(76,'1991-06-07 12:04:46',7,'continue education',233653,1,'1981-01-18 17:34:30'),(77,'2006-06-20 01:16:09',8,'specialization',23056,2,'1976-04-18 14:00:38'),(78,'2005-10-18 21:45:01',11,'technical diving',150162,1,'2006-07-01 11:46:19'),(79,'1978-09-27 19:07:42',5,'beginner',342874,1,'2008-06-02 14:27:02'),(80,'1977-12-03 19:04:22',7,'recreation diving',50430,3,'1976-03-31 17:58:23'),(81,'2011-09-10 18:07:15',4,'specialization',184773,3,'1995-04-27 09:18:32'),(82,'1982-09-15 20:14:13',9,'beginner',98715,1,'1975-03-08 01:49:42'),(83,'2003-01-30 19:38:38',9,'continue education',297173,1,'1973-05-13 14:06:38'),(84,'1972-09-29 18:19:44',11,'beginner',39156,2,'1986-02-26 06:44:02'),(85,'1977-05-20 16:05:05',8,'professional',216925,2,'2020-07-27 21:48:25'),(86,'1974-12-12 05:47:46',3,'professional',217490,1,'1979-11-24 00:15:39'),(87,'2013-10-07 12:22:38',12,'continue education',30506,3,'1990-08-20 21:06:11'),(88,'1985-12-04 18:34:27',5,'continue education',261693,1,'1992-06-10 01:33:30'),(89,'1972-02-02 11:06:48',13,'professional',103280,2,'1974-03-14 05:23:40'),(90,'2017-11-27 02:16:44',8,'continue education',39056,2,'2017-05-01 16:57:11'),(91,'2006-11-08 11:33:27',3,'freediving',305478,2,'1975-08-20 09:57:26'),(92,'2013-10-28 00:56:20',4,'freediving',238336,3,'2003-09-04 05:38:29'),(93,'1970-09-25 14:18:43',3,'beginner',23944,3,'1970-07-01 07:33:15'),(94,'2000-10-03 03:18:13',4,'freediving',290021,2,'2021-04-28 18:59:51'),(95,'1993-06-02 20:28:48',14,'continue education',315353,1,'2006-02-13 03:12:20'),(96,'2009-03-18 08:29:30',3,'recreation diving',345057,2,'1976-08-18 07:52:27'),(97,'1991-09-19 14:41:00',7,'specialization',166301,3,'2003-06-24 18:48:12'),(98,'1991-06-29 05:58:09',7,'specialization',254914,3,'1979-03-13 00:39:56'),(99,'1978-11-26 20:10:07',10,'professional',72448,1,'1995-08-10 01:19:46'),(100,'1999-11-18 23:00:51',13,'beginner',235823,1,'2020-09-01 21:07:09');
/*!40000 ALTER TABLE `club_travels_list` ENABLE KEYS */;
UNLOCK TABLES;

--
-- Table structure for table `dive_sites`
--

DROP TABLE IF EXISTS `dive_sites`;
/*!40101 SET @saved_cs_client     = @@character_set_client */;
/*!50503 SET character_set_client = utf8mb4 */;
CREATE TABLE `dive_sites` (
  `id` int unsigned NOT NULL AUTO_INCREMENT COMMENT 'Идентификатор сайта',
  `latitude` float DEFAULT NULL COMMENT 'Координаты - широта',
  `longitude` float DEFAULT NULL COMMENT 'Координаты - долгота',
  `path_remoteness` int DEFAULT NULL COMMENT 'Удаленность от транспортных путей',
  PRIMARY KEY (`id`)
) ENGINE=InnoDB AUTO_INCREMENT=151 DEFAULT CHARSET=utf8mb4 COLLATE=utf8mb4_unicode_ci COMMENT='Координаты дайв-сайтов';
/*!40101 SET character_set_client = @saved_cs_client */;

--
-- Dumping data for table `dive_sites`
--

LOCK TABLES `dive_sites` WRITE;
/*!40000 ALTER TABLE `dive_sites` DISABLE KEYS */;
INSERT INTO `dive_sites` VALUES (1,-75.0779,122.944,63),(2,54.3995,141.967,46),(3,39.0254,46.5086,85),(4,-84.9033,-157.096,79),(5,43.184,-130.183,45),(6,63.3015,108.188,71),(7,-43.6108,178.644,23),(8,-71.7918,92.3381,17),(9,-48.1791,-122.557,34),(10,19.9257,69.0748,50),(11,71.1042,59.5237,35),(12,-9.37389,87.7779,28),(13,58.9086,159.084,26),(14,42.3545,-59.7547,22),(15,-77.9197,-12.0261,89),(16,45.2547,12.5638,96),(17,-69.1481,-149.876,8),(18,81.7244,-114.797,57),(19,33.1317,-28.6956,17),(20,-45.5955,18.6884,17),(21,-57.4991,-166.733,53),(22,-40.8671,-144.21,11),(23,-79.2585,20.7438,22),(24,84.8614,-99.3074,40),(25,61.2469,78.4944,86),(26,-52.6463,-55.7814,82),(27,-60.159,-131.636,30),(28,0.772891,111.608,27),(29,-22.3252,-79.9292,11),(30,2.67098,-4.31985,9),(31,-79.5251,147.605,74),(32,53.6558,-43.9869,39),(33,51.5173,25.13,26),(34,-59.5275,-125.584,42),(35,14.2728,-140.943,14),(36,-3.77484,118.693,61),(37,-34.3264,-115.037,80),(38,-81.1875,144.67,36),(39,74.8507,41.1728,40),(40,85.286,-83.0626,53),(41,76.8793,-71.4079,11),(42,75.2168,-154.789,48),(43,-71.9862,-100.708,89),(44,40.6222,64.0938,28),(45,-16.0126,-98.2291,13),(46,85.645,162.943,16),(47,-78.2761,-89.6908,79),(48,5.3556,149.356,30),(49,88.9535,-110.321,60),(50,-82.8291,86.7552,50),(51,24.2091,30.819,78),(52,70.1847,96.4328,63),(53,36.1467,164.036,39),(54,-74.3588,-26.1216,96),(55,33.8351,151.121,83),(56,-84.4854,60.0969,69),(57,-30.6263,78.7307,87),(58,88.5392,47.6777,60),(59,55.9791,142.919,60),(60,73.1152,-36.7714,47),(61,44.7622,-36.3065,24),(62,40.9521,-32.9529,92),(63,-78.7695,-73.5023,5),(64,-77.5393,-24.3516,29),(65,-21.0545,-37.2812,85),(66,28.7483,-136.734,14),(67,29.3887,-125.582,23),(68,-52.0919,57.2513,18),(69,-13.5925,80.259,59),(70,-34.4171,-69.5013,91),(71,31.8611,172.425,81),(72,4.93307,-24.0577,59),(73,21.5162,-4.22863,81),(74,-7.82132,79.3134,99),(75,-20.8379,-110.877,8),(76,-85.3923,125.295,53),(77,14.9113,-117.032,91),(78,-42.3401,60.4791,12),(79,76.8057,-71.7545,24),(80,-41.3209,70.3534,27),(81,-44.5294,157.789,9),(82,70.4848,43.7124,42),(83,67.396,143.105,98),(84,-8.22129,-72.056,20),(85,66.8932,147.895,77),(86,1.40383,51.4135,85),(87,47.163,-70.3181,6),(88,-69.0181,-2.77975,7),(89,-24.7389,18.6072,13),(90,82.3664,65.3279,5),(91,-35.2601,-128.644,57),(92,-61.3369,-167.188,77),(93,-0.085252,151.538,75),(94,50.0764,33.8275,78),(95,-64.2986,17.1758,77),(96,58.8727,158.056,78),(97,-50.9062,-116.502,56),(98,10.1762,169.589,61),(99,25.719,-73.3134,90),(100,-25.6117,136.614,64),(101,-41.1469,-155.049,70),(102,17.6445,-147.006,36),(103,8.52301,-74.7496,62),(104,87.4301,66.7032,50),(105,-37.8325,-40.2253,95),(106,63.288,137.051,46),(107,-19.0311,167.181,87),(108,-59.7975,11.474,23),(109,-37.6474,142.663,22),(110,55.0467,-78.3004,19),(111,73.9721,-33.806,50),(112,71.5357,-117.432,33),(113,-77.2584,103.07,39),(114,-12.1263,-110.183,33),(115,-43.8928,-27.7111,45),(116,-57.6841,-73.7051,58),(117,-29.7811,176.836,26),(118,88.5657,175.802,83),(119,-53.2833,61.3034,23),(120,52.2812,6.5678,8),(121,-4.62303,-47.3945,91),(122,-15.3756,94.3011,23),(123,-17.9816,-42.32,64),(124,-27.9821,8.72842,23),(125,77.6538,-13.2344,62),(126,-63.0146,34.335,7),(127,69.1557,26.5176,75),(128,61.8581,162.013,12),(129,-11.7854,-81.4606,9),(130,-22.6719,-5.37908,65),(131,-47.1815,105.913,58),(132,-76.7658,-129.098,0),(133,-63.5559,52.2548,66),(134,7.92953,-44.3635,44),(135,30.6088,16.1225,75),(136,-2.67519,-90.8553,73),(137,-86.7969,-20.9864,94),(138,-53.3482,-35.7371,17),(139,43.9779,-41.2606,21),(140,-54.4596,168.913,78),(141,-22.31,-68.2274,56),(142,-35.6236,97.1203,7),(143,45.946,-27.7704,50),(144,-70.6221,2.77976,10),(145,-61.1037,-22.1786,18),(146,-1.92178,146.538,14),(147,-26.2933,-174.253,11),(148,-36.8731,136.358,81),(149,-78.8628,-168.335,12),(150,66.0439,40.5342,42);
/*!40000 ALTER TABLE `dive_sites` ENABLE KEYS */;
UNLOCK TABLES;

--
-- Table structure for table `levels_of_qualification`
--

DROP TABLE IF EXISTS `levels_of_qualification`;
/*!40101 SET @saved_cs_client     = @@character_set_client */;
/*!50503 SET character_set_client = utf8mb4 */;
CREATE TABLE `levels_of_qualification` (
  `qualification_id` int unsigned NOT NULL AUTO_INCREMENT COMMENT 'Идентификатор уровня квалификации',
  `type_of_qualification` varchar(255) COLLATE utf8mb4_unicode_ci NOT NULL COMMENT 'Тип квалификации',
  `name_of_qualification` varchar(255) COLLATE utf8mb4_unicode_ci NOT NULL COMMENT 'Название квалификации',
  `level_of_qualification` int unsigned NOT NULL DEFAULT '1' COMMENT 'Уровень квалификации',
  `count_of_dives` int unsigned NOT NULL DEFAULT '10' COMMENT 'Минимальное количество погружений для достижения следующего уровня квалификации',
  PRIMARY KEY (`qualification_id`)
) ENGINE=InnoDB AUTO_INCREMENT=46 DEFAULT CHARSET=utf8mb4 COLLATE=utf8mb4_unicode_ci COMMENT='Таблица квалификаций';
/*!40101 SET character_set_client = @saved_cs_client */;

--
-- Dumping data for table `levels_of_qualification`
--

LOCK TABLES `levels_of_qualification` WRITE;
/*!40000 ALTER TABLE `levels_of_qualification` DISABLE KEYS */;
INSERT INTO `levels_of_qualification` VALUES (1,'beginner','Bubblemaker',1,5),(2,'beginner','Scuba diver',2,5),(3,'freediving','Freediver',1,5),(4,'freediving','Advanced freediver',2,20),(5,'freediving','Master freediver',3,100),(6,'freediving','Freediving instructor',3,50),(7,'freediving','Freediving instructor trainer',4,200),(8,'recreation diving','Open water diver',1,10),(9,'recreation diving','Advanced open water diver',2,20),(10,'recreation diving','Rescue diver',3,50),(11,'recreation diving','Master scuba diver',4,100),(12,'project AWARE','Specialist',1,5),(13,'specialization','Enriched air diver',1,5),(14,'specialization','Digital underwater photographer',2,5),(15,'specialization','Dry suit diver',3,10),(16,'specialization','Deep diver',4,10),(17,'specialization','Underwater navigator',5,5),(18,'specialization','Peak perfomance buoyancy',6,10),(19,'specialization','Wreck diver',7,5),(20,'specialization','Night diver',8,5),(21,'specialization','Search and recovery diver',9,5),(22,'specialization','Drift diver',10,5),(23,'continue education','Equipment specialist',1,10),(24,'continue education','Diver propulsion vehicle',2,5),(25,'continue education','Boat diver',3,5),(26,'continue education','Cavern diver',4,50),(27,'continue education','Sidemount diver',5,50),(28,'continue education','Ice diver',5,50),(29,'professional','Specialty instructor',1,300),(30,'professional','IDC Staff Instructor',2,500),(31,'professional','Open water scuba instructor',3,200),(32,'professional','Master scuba instructor',3,300),(33,'professional','TEC deep instructor',3,100),(34,'technical diving','Discover technical diving',1,10),(35,'technical diving','TEC sidemount',2,10),(36,'technical diving','TEC 40 CCR',4,10),(37,'technical diving','TEC 60 CCR',5,10),(38,'technical diving','TEC 100 CCR',6,10),(39,'technical diving','TEC instructor',7,200),(40,'technical diving','TEC 40 CCR instructor',8,200),(41,'technical diving','TEC 60 CCR instructor',9,200),(42,'technical diving','TEC 100 CCR instructor',10,300),(43,'technical diving','TEC TRIMIX instructor',11,500),(44,'professional','divemaster',4,1000),(45,'professional','courese director',5,1000);
/*!40000 ALTER TABLE `levels_of_qualification` ENABLE KEYS */;
UNLOCK TABLES;

--
-- Table structure for table `log_book`
--

DROP TABLE IF EXISTS `log_book`;
/*!40101 SET @saved_cs_client     = @@character_set_client */;
/*!50503 SET character_set_client = utf8mb4 */;
CREATE TABLE `log_book` (
  `id` int unsigned NOT NULL AUTO_INCREMENT COMMENT 'Идентификатор записи погружения',
  `user_id` int unsigned NOT NULL COMMENT 'Идентификатор дайвера',
  `partner_id` int unsigned NOT NULL COMMENT 'Идентификатор напарника',
  `site_id` int unsigned NOT NULL COMMENT 'Идентификатор дайв-сайта',
  `dive_date` datetime DEFAULT NULL COMMENT 'Дата погружения',
  `dive_deep` int DEFAULT NULL COMMENT 'Глубина погружения',
  `dive_time` time NOT NULL DEFAULT '00:00:00' COMMENT 'Длительность погружения',
  `created_at` datetime DEFAULT CURRENT_TIMESTAMP ON UPDATE CURRENT_TIMESTAMP COMMENT 'дата создания и/или обновления записи',
  PRIMARY KEY (`id`),
  KEY `lb_user_id_fk` (`user_id`),
  KEY `lb_partner_id_fk` (`partner_id`),
  KEY `lb_site_id_fk` (`site_id`),
  CONSTRAINT `lb_partner_id_fk` FOREIGN KEY (`partner_id`) REFERENCES `members` (`id`) ON DELETE CASCADE,
  CONSTRAINT `lb_site_id_fk` FOREIGN KEY (`site_id`) REFERENCES `dive_sites` (`id`),
  CONSTRAINT `lb_user_id_fk` FOREIGN KEY (`user_id`) REFERENCES `members` (`id`) ON DELETE CASCADE
) ENGINE=InnoDB AUTO_INCREMENT=1001 DEFAULT CHARSET=utf8mb4 COLLATE=utf8mb4_unicode_ci COMMENT='Логбук погружений';
/*!40101 SET character_set_client = @saved_cs_client */;

--
-- Dumping data for table `log_book`
--

LOCK TABLES `log_book` WRITE;
/*!40000 ALTER TABLE `log_book` DISABLE KEYS */;
INSERT INTO `log_book` VALUES (1,143,134,33,'2006-12-14 20:22:17',91,'01:50:00','2021-05-20 18:59:16'),(2,20,15,50,'1981-02-14 18:26:51',52,'00:45:00','2021-05-20 18:56:50'),(3,159,79,49,'1993-03-17 18:32:40',89,'01:50:00','2021-05-20 18:59:16'),(4,17,183,45,'2018-08-26 22:08:40',42,'00:45:00','2021-05-20 18:56:50'),(5,195,1,21,'1994-11-06 00:52:22',67,'01:50:00','2021-05-20 18:59:16'),(6,30,100,24,'1988-02-22 20:58:13',91,'01:50:00','2021-05-20 18:59:16'),(7,63,112,33,'1971-09-17 13:08:14',40,'00:45:00','2021-05-20 18:56:50'),(8,88,31,41,'2006-04-23 16:46:07',25,'00:30:00','2021-05-20 18:58:46'),(9,10,172,29,'2017-04-29 16:28:45',88,'01:50:00','2021-05-20 18:59:16'),(10,64,34,27,'1983-05-09 10:00:38',84,'01:50:00','2021-05-20 18:59:16'),(11,18,88,37,'1970-07-10 20:20:57',58,'00:45:00','2021-05-20 18:56:50'),(12,88,182,35,'2009-06-06 11:22:02',42,'00:45:00','2021-05-20 18:56:50'),(13,59,20,34,'1979-07-08 07:31:34',69,'01:50:00','2021-05-20 18:59:16'),(14,128,186,49,'2008-04-17 06:31:02',71,'01:50:00','2021-05-20 18:59:16'),(15,107,8,42,'2002-10-29 23:32:53',34,'00:23:00','2021-05-20 19:02:30'),(16,196,28,21,'2020-01-01 15:27:13',78,'01:50:00','2021-05-20 18:59:16'),(17,153,196,19,'2019-05-23 19:52:42',88,'01:50:00','2021-05-20 18:59:16'),(18,179,176,15,'1991-09-27 06:23:13',20,'00:45:00','2021-05-20 18:56:50'),(19,82,83,32,'2004-09-19 18:14:00',27,'00:30:00','2021-05-20 18:58:46'),(20,198,171,33,'1971-12-23 22:12:50',54,'00:45:00','2021-05-20 18:56:50'),(21,7,170,33,'2014-06-24 00:26:27',47,'00:45:00','2021-05-20 18:56:50'),(22,199,15,20,'1992-07-29 09:40:44',18,'00:45:00','2021-05-20 18:56:50'),(23,130,6,19,'1985-04-11 07:26:01',95,'01:50:00','2021-05-20 18:59:16'),(24,186,149,50,'1979-12-22 08:13:03',82,'01:50:00','2021-05-20 18:59:16'),(25,134,70,18,'1970-10-19 07:45:39',6,'00:53:45','1983-10-04 02:59:31'),(26,142,65,45,'1986-09-25 20:14:21',30,'00:30:00','2021-05-20 18:58:46'),(27,137,114,3,'2010-01-03 04:14:38',42,'00:45:00','2021-05-20 18:56:50'),(28,32,199,40,'1972-12-14 06:14:35',91,'01:50:00','2021-05-20 18:59:16'),(29,28,131,4,'1971-11-01 07:57:35',43,'00:45:00','2021-05-20 18:56:50'),(30,126,24,36,'1984-03-19 18:51:57',36,'00:23:00','2021-05-20 19:02:30'),(31,101,154,40,'2012-02-23 22:14:09',72,'01:50:00','2021-05-20 18:59:16'),(32,6,96,21,'1976-09-13 18:55:50',78,'01:50:00','2021-05-20 18:59:16'),(33,80,182,15,'1993-03-23 23:36:43',84,'01:50:00','2021-05-20 18:59:16'),(34,184,12,42,'1974-05-28 23:36:17',32,'00:23:00','2021-05-20 19:02:30'),(35,44,14,4,'1984-11-18 08:11:49',53,'00:45:00','2021-05-20 18:56:50'),(36,115,17,48,'1994-01-06 19:43:07',37,'00:23:00','2021-05-20 19:02:30'),(37,117,77,12,'2019-03-18 16:56:30',36,'00:23:00','2021-05-20 19:02:30'),(38,29,187,45,'1986-06-13 13:21:51',42,'00:45:00','2021-05-20 18:56:50'),(39,128,17,22,'1974-07-29 09:20:23',33,'00:23:00','2021-05-20 19:02:30'),(40,130,75,38,'1988-07-03 11:52:02',83,'01:50:00','2021-05-20 18:59:16'),(41,2,175,33,'1990-05-20 16:44:40',81,'01:50:00','2021-05-20 18:59:16'),(42,44,80,19,'1980-01-11 09:17:36',7,'00:18:00','2021-05-20 19:02:50'),(43,68,157,27,'1999-05-21 05:16:29',84,'01:50:00','2021-05-20 18:59:16'),(44,130,2,10,'2011-07-29 20:15:08',60,'00:45:00','2021-05-20 18:56:50'),(45,101,87,7,'1990-08-09 08:40:08',86,'01:50:00','2021-05-20 18:59:16'),(46,190,171,7,'1972-08-24 19:19:47',82,'01:50:00','2021-05-20 18:59:16'),(47,183,99,50,'1992-10-17 00:07:23',34,'00:23:00','2021-05-20 19:02:30'),(48,98,22,24,'1989-07-23 06:17:35',70,'01:50:00','2021-05-20 18:59:16'),(49,3,171,43,'1973-04-24 23:02:51',94,'01:50:00','2021-05-20 18:59:16'),(50,79,133,39,'1986-09-26 07:28:40',26,'00:30:00','2021-05-20 18:58:46'),(51,168,185,14,'2013-02-17 00:11:56',14,'00:45:00','2021-05-20 18:56:50'),(52,127,60,10,'2014-11-30 07:42:07',30,'00:30:00','2021-05-20 18:58:46'),(53,58,4,11,'2005-05-14 12:23:40',75,'01:50:00','2021-05-20 18:59:16'),(54,80,81,47,'2002-06-23 12:10:45',48,'00:31:05','1975-06-08 11:27:32'),(55,48,95,16,'2003-12-10 22:44:57',6,'00:45:00','2021-05-20 18:56:50'),(56,99,77,3,'1979-01-03 15:21:50',60,'00:45:00','2021-05-20 18:56:50'),(57,177,99,31,'1997-11-19 08:53:57',19,'00:45:00','2021-05-20 18:56:50'),(58,50,176,3,'2012-12-25 20:39:19',67,'01:50:00','2021-05-20 18:59:16'),(59,110,40,16,'1972-09-26 07:44:36',33,'00:23:00','2021-05-20 19:02:30'),(60,166,46,50,'1998-11-28 23:58:01',54,'00:45:00','2021-05-20 18:56:50'),(61,104,102,28,'2011-08-04 11:07:02',86,'01:50:00','2021-05-20 18:59:16'),(62,135,25,43,'2017-01-06 09:06:59',31,'00:23:00','2021-05-20 19:02:30'),(63,71,37,3,'1973-12-03 01:16:38',57,'00:45:00','2021-05-20 18:56:50'),(64,110,61,4,'2019-03-09 23:00:17',38,'00:23:00','2021-05-20 19:02:30'),(65,101,195,28,'1983-10-24 23:19:37',73,'01:50:00','2021-05-20 18:59:16'),(66,37,70,48,'2012-08-25 10:53:25',27,'00:30:00','2021-05-20 18:58:46'),(67,171,39,20,'2015-05-13 12:44:39',20,'00:45:00','2021-05-20 18:56:50'),(68,109,57,19,'2018-02-03 10:25:57',38,'00:23:00','2021-05-20 19:02:30'),(69,24,13,39,'1977-05-05 06:18:15',99,'01:50:00','2021-05-20 18:59:16'),(70,28,123,14,'2021-01-14 03:34:03',99,'01:50:00','2021-05-20 18:59:16'),(71,109,76,38,'1973-04-21 18:41:10',90,'01:50:00','2021-05-20 18:59:16'),(72,152,124,12,'2006-10-22 20:32:20',46,'00:45:00','2021-05-20 18:56:50'),(73,199,163,18,'1993-04-28 02:31:35',62,'01:50:00','2021-05-20 18:59:16'),(74,64,181,17,'1982-01-16 15:03:07',62,'01:50:00','2021-05-20 18:59:16'),(75,80,66,46,'1973-12-20 04:51:31',100,'00:45:00','2021-05-20 18:56:50'),(76,198,80,39,'2018-03-26 10:42:15',15,'00:45:00','2021-05-20 18:56:50'),(77,46,71,20,'1989-05-04 22:52:04',93,'01:50:00','2021-05-20 18:59:16'),(78,100,3,3,'1972-04-01 07:58:58',61,'01:50:00','2021-05-20 18:59:16'),(79,49,141,36,'2021-02-16 18:11:15',72,'01:50:00','2021-05-20 18:59:16'),(80,21,188,2,'1983-08-24 10:35:11',44,'00:45:00','2021-05-20 18:56:50'),(81,157,128,8,'1974-09-12 08:18:48',70,'01:50:00','2021-05-20 18:59:16'),(82,84,107,17,'1970-11-12 01:24:29',15,'00:45:00','2021-05-20 18:56:50'),(83,163,3,40,'1995-10-27 21:18:51',51,'00:45:00','2021-05-20 18:56:50'),(84,169,20,14,'2012-03-12 04:26:20',43,'00:45:00','2021-05-20 18:56:50'),(85,94,51,41,'1993-08-09 06:57:08',69,'01:50:00','2021-05-20 18:59:16'),(86,94,89,8,'1976-04-15 19:07:50',28,'00:30:00','2021-05-20 18:58:46'),(87,152,78,22,'1985-02-07 05:11:59',53,'00:45:00','2021-05-20 18:56:50'),(88,92,113,15,'1972-05-09 04:44:14',71,'01:50:00','2021-05-20 18:59:16'),(89,18,98,8,'2001-03-24 17:47:09',72,'01:50:00','2021-05-20 18:59:16'),(90,172,148,23,'1978-11-20 08:11:29',89,'01:50:00','2021-05-20 18:59:16'),(91,28,181,49,'1980-10-05 16:51:29',11,'00:45:00','2021-05-20 18:56:50'),(92,31,119,19,'2016-10-02 20:08:43',52,'00:45:00','2021-05-20 18:56:50'),(93,44,169,50,'2002-01-01 02:36:18',96,'01:50:00','2021-05-20 18:59:16'),(94,162,139,3,'1989-05-23 19:48:05',42,'00:45:00','2021-05-20 18:56:50'),(95,93,28,10,'2004-08-05 08:42:46',62,'01:50:00','2021-05-20 18:59:16'),(96,69,167,24,'1997-07-14 19:53:07',63,'01:50:00','2021-05-20 18:59:16'),(97,112,186,24,'1987-03-20 23:42:52',37,'00:23:00','2021-05-20 19:02:30'),(98,197,195,27,'1991-01-17 18:51:44',79,'01:50:00','2021-05-20 18:59:16'),(99,63,160,9,'1989-02-26 16:20:20',100,'00:45:00','2021-05-20 18:56:50'),(100,143,191,19,'2016-03-13 04:14:44',49,'00:45:00','2021-05-20 18:56:50'),(101,12,119,35,'1978-02-28 14:00:00',86,'01:50:00','2021-05-20 18:59:16'),(102,98,63,8,'1986-11-04 03:30:53',89,'01:50:00','2021-05-20 18:59:16'),(103,54,15,35,'2019-05-24 07:26:11',56,'00:45:00','2021-05-20 18:56:50'),(104,164,123,24,'1991-09-13 14:19:38',8,'00:18:00','2021-05-20 19:02:50'),(105,14,129,7,'2001-08-23 20:29:05',29,'00:30:00','2021-05-20 18:58:46'),(106,70,2,41,'2004-12-25 12:36:59',23,'00:30:00','2021-05-20 18:58:46'),(107,164,76,19,'1976-11-14 06:46:36',93,'01:50:00','2021-05-20 18:59:16'),(108,196,37,41,'1973-04-23 10:59:58',8,'00:18:00','2021-05-20 19:02:50'),(109,2,176,20,'2016-12-17 01:55:13',6,'00:06:16','2001-11-03 19:41:39'),(110,177,64,21,'1973-06-23 15:18:41',35,'00:23:00','2021-05-20 19:02:30'),(111,43,172,39,'1991-07-26 02:42:04',20,'00:45:00','2021-05-20 18:56:50'),(112,174,177,44,'1979-06-28 05:11:44',25,'00:30:00','2021-05-20 18:58:46'),(113,43,10,38,'2012-05-27 23:43:54',96,'01:50:00','2021-05-20 18:59:16'),(114,14,121,40,'1994-08-17 15:10:22',83,'01:50:00','2021-05-20 18:59:16'),(115,141,111,5,'1972-03-04 15:27:43',64,'01:50:00','2021-05-20 18:59:16'),(116,103,59,32,'1980-05-29 05:06:54',11,'00:45:00','2021-05-20 18:56:50'),(117,54,138,16,'2012-03-10 07:51:40',61,'01:50:00','2021-05-20 18:59:16'),(118,60,129,11,'1998-01-19 20:51:45',24,'00:30:00','2021-05-20 18:58:46'),(119,92,9,14,'1987-08-02 06:13:35',79,'01:50:00','2021-05-20 18:59:16'),(120,17,164,25,'1974-06-01 09:40:57',41,'00:45:00','2021-05-20 18:56:50'),(121,63,104,23,'1998-03-20 09:19:55',96,'01:50:00','2021-05-20 18:59:16'),(122,185,78,36,'2012-03-26 01:45:32',20,'00:45:00','2021-05-20 18:56:50'),(123,171,17,20,'1973-02-08 11:48:50',51,'00:58:22','2010-03-17 05:21:01'),(124,147,194,10,'1978-01-30 00:01:23',6,'00:45:00','2021-05-20 18:56:50'),(125,35,108,50,'2013-01-23 09:18:48',15,'00:45:00','2021-05-20 18:56:50'),(126,161,190,15,'2010-02-20 17:07:51',64,'01:50:00','2021-05-20 18:59:16'),(127,168,101,16,'1983-02-23 10:12:56',71,'01:50:00','2021-05-20 18:59:16'),(128,159,164,45,'1981-12-01 10:32:57',59,'00:45:00','2021-05-20 18:56:50'),(129,13,99,5,'1974-08-29 22:12:15',11,'00:14:35','1987-02-04 03:12:28'),(130,178,93,10,'1982-08-31 11:03:08',65,'01:50:00','2021-05-20 18:59:16'),(131,107,153,14,'2009-09-24 06:11:14',43,'00:45:00','2021-05-20 18:56:50'),(132,81,192,21,'1972-04-22 17:52:58',25,'00:30:00','2021-05-20 18:58:46'),(133,36,45,36,'2015-11-06 09:04:23',84,'01:50:00','2021-05-20 18:59:16'),(134,102,150,17,'1999-03-26 08:21:00',87,'01:50:00','2021-05-20 18:59:16'),(135,199,58,15,'2009-01-29 00:12:05',30,'00:30:00','2021-05-20 18:58:46'),(136,199,133,49,'2017-02-28 05:11:17',9,'00:18:00','2021-05-20 19:02:50'),(137,144,110,15,'2000-11-06 20:05:34',59,'00:45:00','2021-05-20 18:56:50'),(138,195,169,7,'2002-03-30 07:27:40',21,'00:30:00','2021-05-20 18:58:46'),(139,173,39,40,'1971-06-21 16:30:39',92,'01:50:00','2021-05-20 18:59:16'),(140,124,78,18,'2017-12-12 12:03:12',11,'00:45:00','2021-05-20 18:56:50'),(141,89,58,25,'1987-07-25 19:10:16',80,'01:50:00','2021-05-20 18:59:16'),(142,191,200,40,'2006-11-24 08:36:27',64,'01:50:00','2021-05-20 18:59:16'),(143,186,94,3,'1999-10-05 13:40:47',38,'00:23:00','2021-05-20 19:02:30'),(144,8,143,7,'1997-08-05 23:15:12',10,'00:45:00','2021-05-20 18:56:50'),(145,175,182,39,'1988-12-06 07:34:06',18,'00:45:00','2021-05-20 18:56:50'),(146,187,102,30,'1992-01-07 07:51:37',92,'01:50:00','2021-05-20 18:59:16'),(147,147,137,26,'2019-11-29 06:45:17',65,'01:50:00','2021-05-20 18:59:16'),(148,56,8,20,'1985-03-27 00:30:41',100,'00:45:00','2021-05-20 18:56:50'),(149,95,89,5,'1982-08-06 03:15:31',43,'00:45:00','2021-05-20 18:56:50'),(150,142,168,2,'1976-09-18 22:36:23',12,'00:45:00','2021-05-20 18:56:50'),(151,161,195,32,'1980-10-10 10:44:21',83,'01:50:00','2021-05-20 18:59:16'),(152,25,64,32,'2004-03-07 15:57:57',26,'00:30:00','2021-05-20 18:58:46'),(153,70,55,4,'1997-09-02 23:35:12',92,'01:50:00','2021-05-20 18:59:16'),(154,13,166,14,'2018-02-06 22:51:38',86,'01:50:00','2021-05-20 18:59:16'),(155,29,86,50,'2015-02-07 19:20:29',70,'01:50:00','2021-05-20 18:59:16'),(156,7,177,25,'2000-10-26 21:46:33',78,'01:50:00','2021-05-20 18:59:16'),(157,37,29,23,'2013-04-06 12:51:51',34,'00:23:00','2021-05-20 19:02:30'),(158,186,187,16,'2010-04-25 01:42:21',100,'00:45:00','2021-05-20 18:56:50'),(159,117,27,7,'1983-03-05 05:41:38',26,'00:30:00','2021-05-20 18:58:46'),(160,107,49,19,'1989-07-12 05:14:35',51,'00:45:00','2021-05-20 18:56:50'),(161,120,188,13,'2005-02-25 10:37:12',83,'01:50:00','2021-05-20 18:59:16'),(162,24,152,37,'1993-11-21 01:19:52',53,'00:45:00','2021-05-20 18:56:50'),(163,138,106,16,'1971-02-22 13:13:24',83,'01:50:00','2021-05-20 18:59:16'),(164,155,51,19,'1976-02-15 12:50:47',97,'01:50:00','2021-05-20 18:59:16'),(165,143,31,19,'2008-04-23 13:14:21',27,'00:30:00','2021-05-20 18:58:46'),(166,191,190,2,'1996-09-13 02:08:11',17,'00:45:00','2021-05-20 18:56:50'),(167,91,6,22,'2015-11-01 08:12:44',22,'00:30:00','2021-05-20 18:58:46'),(168,90,138,11,'1972-10-11 15:24:51',98,'01:50:00','2021-05-20 18:59:16'),(169,137,162,2,'2008-04-04 09:56:36',44,'00:45:00','2021-05-20 18:56:50'),(170,98,142,5,'1989-12-11 23:14:33',90,'01:50:00','2021-05-20 18:59:16'),(171,81,176,12,'2004-04-05 20:23:02',23,'00:30:00','2021-05-20 18:58:46'),(172,106,137,31,'2012-03-13 11:38:17',44,'00:45:00','2021-05-20 18:56:50'),(173,98,115,17,'2013-06-21 12:01:53',57,'00:45:00','2021-05-20 18:56:50'),(174,64,161,12,'1997-08-11 01:59:51',64,'01:50:00','2021-05-20 18:59:16'),(175,12,19,18,'2018-01-24 14:15:34',56,'00:45:00','2021-05-20 18:56:50'),(176,198,49,41,'2003-04-14 01:23:45',88,'01:50:00','2021-05-20 18:59:16'),(177,156,34,35,'2001-03-26 08:00:13',45,'00:45:00','2021-05-20 18:56:50'),(178,7,94,18,'1986-10-08 08:22:42',20,'00:45:00','2021-05-20 18:56:50'),(179,19,196,41,'2005-05-27 13:53:51',58,'00:45:00','2021-05-20 18:56:50'),(180,181,195,30,'1989-07-01 07:30:37',38,'00:23:00','2021-05-20 19:02:30'),(181,9,135,18,'2006-05-22 19:45:27',63,'01:50:00','2021-05-20 18:59:16'),(182,89,108,19,'1971-07-02 05:01:14',40,'00:45:00','2021-05-20 18:56:50'),(183,91,135,46,'1996-11-12 04:10:37',86,'01:50:00','2021-05-20 18:59:16'),(184,65,78,2,'2017-02-19 02:31:51',29,'00:30:00','2021-05-20 18:58:46'),(185,116,27,6,'1987-01-14 17:01:26',22,'00:30:00','2021-05-20 18:58:46'),(186,27,125,23,'1975-02-05 17:29:44',72,'01:50:00','2021-05-20 18:59:16'),(187,193,147,46,'2012-10-29 21:53:41',17,'00:45:00','2021-05-20 18:56:50'),(188,40,145,6,'1995-11-20 00:26:14',95,'01:50:00','2021-05-20 18:59:16'),(189,22,126,5,'2012-11-08 11:24:07',95,'01:50:00','2021-05-20 18:59:16'),(190,135,168,38,'1990-05-15 15:18:55',75,'01:50:00','2021-05-20 18:59:16'),(191,198,62,42,'1979-10-29 16:53:11',50,'00:45:00','2021-05-20 18:56:50'),(192,124,196,11,'2014-09-17 09:12:57',9,'00:18:00','2021-05-20 19:02:50'),(193,81,1,2,'2014-07-17 22:54:30',8,'00:18:00','2021-05-20 19:02:50'),(194,119,12,34,'1989-09-15 20:22:38',62,'01:50:00','2021-05-20 18:59:16'),(195,199,86,18,'2006-04-16 21:00:26',22,'00:30:00','2021-05-20 18:58:46'),(196,85,120,8,'1997-05-06 14:38:02',51,'00:45:00','2021-05-20 18:56:50'),(197,18,106,9,'2011-09-19 00:47:46',51,'00:45:00','2021-05-20 18:56:50'),(198,126,125,47,'2010-11-10 13:01:55',86,'01:50:00','2021-05-20 18:59:16'),(199,158,159,50,'2016-05-15 02:29:17',77,'01:50:00','2021-05-20 18:59:16'),(200,181,48,39,'1970-05-14 20:49:19',20,'00:45:00','2021-05-20 18:56:50'),(201,19,189,26,'2011-11-16 11:42:51',10,'00:45:00','2021-05-20 18:56:50'),(202,108,103,28,'1998-11-04 07:40:38',6,'00:45:00','2021-05-20 18:56:50'),(203,56,136,46,'1995-11-02 04:41:41',50,'00:45:00','2021-05-20 18:56:50'),(204,101,134,34,'2016-06-22 06:17:08',18,'00:45:00','2021-05-20 18:56:50'),(205,161,55,12,'1991-03-07 22:56:41',55,'00:45:00','2021-05-20 18:56:50'),(206,187,46,3,'1983-06-17 07:42:11',19,'00:45:00','2021-05-20 18:56:50'),(207,119,20,48,'1979-04-19 13:11:09',30,'00:30:00','2021-05-20 18:58:46'),(208,101,53,28,'1995-03-29 16:24:23',46,'00:45:00','2021-05-20 18:56:50'),(209,103,16,24,'2020-06-08 10:19:38',14,'00:45:00','2021-05-20 18:56:50'),(210,41,18,26,'1972-12-30 05:06:12',72,'01:50:00','2021-05-20 18:59:16'),(211,12,17,4,'2000-06-30 09:04:31',40,'00:45:00','2021-05-20 18:56:50'),(212,106,49,27,'1982-02-17 15:49:14',6,'00:45:00','2021-05-20 18:56:50'),(213,157,21,37,'2010-04-17 09:17:09',7,'00:18:00','2021-05-20 19:02:50'),(214,98,185,24,'2007-02-16 10:27:35',37,'00:23:00','2021-05-20 19:02:30'),(215,129,175,21,'2011-05-21 02:38:13',23,'00:30:00','2021-05-20 18:58:46'),(216,84,140,50,'1973-03-19 15:40:13',95,'01:50:00','2021-05-20 18:59:16'),(217,151,145,10,'2017-12-09 07:48:38',15,'00:45:00','2021-05-20 18:56:50'),(218,60,161,2,'1984-11-02 21:09:27',77,'01:50:00','2021-05-20 18:59:16'),(219,190,195,7,'2016-05-02 09:52:06',16,'00:45:00','2021-05-20 18:56:50'),(220,138,37,14,'2013-12-07 21:43:22',11,'00:45:00','2021-05-20 18:56:50'),(221,38,170,50,'2000-08-25 05:24:58',92,'01:50:00','2021-05-20 18:59:16'),(222,99,77,46,'1979-12-27 01:16:45',82,'01:50:00','2021-05-20 18:59:16'),(223,191,73,48,'1988-04-11 00:28:34',64,'01:50:00','2021-05-20 18:59:16'),(224,31,14,45,'1983-03-14 17:31:29',70,'01:50:00','2021-05-20 18:59:16'),(225,29,141,7,'1976-10-05 06:20:51',99,'01:50:00','2021-05-20 18:59:16'),(226,42,125,32,'2015-07-04 01:41:40',15,'00:47:28','1974-02-13 08:08:50'),(227,23,125,40,'2020-03-20 07:15:50',45,'00:45:00','2021-05-20 18:56:50'),(228,70,95,31,'1979-05-21 07:42:48',57,'00:45:00','2021-05-20 18:56:50'),(229,116,123,49,'2021-04-27 01:44:47',36,'00:23:00','2021-05-20 19:02:30'),(230,200,178,36,'2013-10-28 04:40:07',98,'01:50:00','2021-05-20 18:59:16'),(231,1,145,18,'2002-03-17 12:06:58',97,'01:50:00','2021-05-20 18:59:16'),(232,34,141,27,'2012-02-06 19:33:37',82,'01:50:00','2021-05-20 18:59:16'),(233,139,138,16,'1985-05-27 22:52:25',56,'00:45:00','2021-05-20 18:56:50'),(234,135,127,46,'1980-05-30 14:29:29',30,'00:30:00','2021-05-20 18:58:46'),(235,120,124,48,'1978-12-28 00:16:46',20,'00:45:00','2021-05-20 18:56:50'),(236,20,6,28,'2019-06-19 07:35:56',23,'00:30:00','2021-05-20 18:58:46'),(237,94,166,39,'2001-12-11 01:50:37',73,'01:50:00','2021-05-20 18:59:16'),(238,64,73,29,'1991-11-03 07:17:27',58,'00:45:00','2021-05-20 18:56:50'),(239,30,111,18,'1979-06-14 17:03:36',48,'00:45:00','2021-05-20 18:56:50'),(240,176,78,36,'1991-09-11 10:32:27',95,'01:50:00','2021-05-20 18:59:16'),(241,162,158,42,'1986-06-29 19:14:02',64,'01:50:00','2021-05-20 18:59:16'),(242,64,2,18,'1988-02-21 23:54:00',45,'00:45:00','2021-05-20 18:56:50'),(243,191,136,39,'2018-10-22 23:07:36',64,'01:50:00','2021-05-20 18:59:16'),(244,23,97,34,'2020-04-11 02:02:34',26,'00:30:00','2021-05-20 18:58:46'),(245,29,23,25,'1994-08-13 16:00:43',8,'00:18:00','2021-05-20 19:02:50'),(246,109,196,6,'2018-09-08 05:54:15',22,'00:30:00','2021-05-20 18:58:46'),(247,8,37,23,'2014-11-13 23:27:04',67,'01:50:00','2021-05-20 18:59:16'),(248,12,161,12,'1988-07-12 10:15:39',34,'00:23:00','2021-05-20 19:02:30'),(249,152,60,10,'1976-12-27 21:12:12',97,'01:50:00','2021-05-20 18:59:16'),(250,27,31,13,'1996-05-30 12:03:03',55,'00:45:00','2021-05-20 18:56:50'),(251,137,187,23,'2014-02-14 12:31:53',56,'00:45:00','2021-05-20 18:56:50'),(252,180,171,50,'2010-02-17 02:33:47',72,'01:50:00','2021-05-20 18:59:16'),(253,3,127,34,'2001-08-08 22:53:26',97,'01:50:00','2021-05-20 18:59:16'),(254,23,154,2,'1989-10-12 06:50:04',19,'00:45:00','2021-05-20 18:56:50'),(255,121,137,15,'1976-05-25 12:32:34',26,'00:30:00','2021-05-20 18:58:46'),(256,60,49,24,'2000-02-22 11:56:05',97,'01:50:00','2021-05-20 18:59:16'),(257,15,97,15,'1970-09-15 08:06:39',50,'00:45:00','2021-05-20 18:56:50'),(258,40,189,46,'1998-10-05 10:13:48',70,'01:50:00','2021-05-20 18:59:16'),(259,103,20,1,'1997-11-15 23:41:12',31,'00:23:00','2021-05-20 19:02:30'),(260,152,103,49,'1998-03-06 10:18:43',13,'00:45:00','2021-05-20 18:56:50'),(261,97,1,41,'2003-01-18 23:39:35',88,'01:50:00','2021-05-20 18:59:16'),(262,99,77,48,'1980-04-19 13:57:59',91,'01:50:00','2021-05-20 18:59:16'),(263,134,76,50,'1988-03-11 17:35:40',81,'01:50:00','2021-05-20 18:59:16'),(264,59,50,50,'1983-05-25 00:55:40',10,'00:45:00','2021-05-20 18:56:50'),(265,109,148,3,'1986-02-15 03:57:47',92,'01:50:00','2021-05-20 18:59:16'),(266,90,21,18,'1971-10-01 07:54:23',49,'00:45:00','2021-05-20 18:56:50'),(267,45,106,3,'1978-06-11 12:49:19',56,'00:45:00','2021-05-20 18:56:50'),(268,24,68,19,'1979-07-14 01:00:26',76,'01:50:00','2021-05-20 18:59:16'),(269,58,54,38,'1989-12-28 16:06:00',46,'00:45:00','2021-05-20 18:56:50'),(270,85,86,37,'2000-06-10 19:07:33',79,'01:50:00','2021-05-20 18:59:16'),(271,41,55,48,'2006-11-03 18:48:03',37,'00:23:00','2021-05-20 19:02:30'),(272,185,129,20,'2010-01-07 03:56:13',46,'00:45:00','2021-05-20 18:56:50'),(273,158,101,49,'1970-04-15 20:44:09',27,'00:30:00','2021-05-20 18:58:46'),(274,113,168,4,'1984-06-11 10:54:46',57,'00:45:00','2021-05-20 18:56:50'),(275,20,189,29,'2005-09-29 18:36:03',68,'01:50:00','2021-05-20 18:59:16'),(276,94,93,38,'1979-07-16 09:38:08',28,'00:30:00','2021-05-20 18:58:46'),(277,106,139,37,'1971-06-06 23:31:28',28,'00:30:00','2021-05-20 18:58:46'),(278,195,99,40,'1985-10-25 09:18:52',69,'01:50:00','2021-05-20 18:59:16'),(279,89,46,48,'1990-09-15 16:58:41',34,'00:23:00','2021-05-20 19:02:30'),(280,93,84,38,'1986-08-30 16:33:08',31,'00:23:00','2021-05-20 19:02:30'),(281,127,36,38,'1986-03-18 17:57:04',6,'00:45:00','2021-05-20 18:56:50'),(282,173,62,45,'1996-02-14 21:09:21',94,'01:50:00','2021-05-20 18:59:16'),(283,188,43,1,'2003-01-16 18:25:56',55,'00:45:00','2021-05-20 18:56:50'),(284,22,43,49,'2018-04-21 05:21:47',84,'01:50:00','2021-05-20 18:59:16'),(285,124,12,48,'1999-03-26 16:45:50',64,'01:50:00','2021-05-20 18:59:16'),(286,30,149,13,'1976-10-19 05:14:49',23,'00:30:00','2021-05-20 18:58:46'),(287,178,71,38,'1999-04-12 14:54:57',8,'00:18:00','2021-05-20 19:02:50'),(288,45,169,1,'1984-08-12 21:31:31',26,'00:30:00','2021-05-20 18:58:46'),(289,180,91,4,'1991-11-08 16:46:54',29,'00:30:00','2021-05-20 18:58:46'),(290,146,4,49,'1982-11-11 12:51:40',11,'00:45:00','2021-05-20 18:56:50'),(291,151,2,40,'1994-07-11 04:06:08',74,'01:50:00','2021-05-20 18:59:16'),(292,193,43,39,'1973-08-21 23:14:16',49,'00:45:00','2021-05-20 18:56:50'),(293,111,13,19,'2013-07-17 07:12:58',52,'00:33:38','1973-07-07 20:18:05'),(294,195,178,8,'1970-08-15 07:58:10',64,'01:50:00','2021-05-20 18:59:16'),(295,93,185,32,'1977-09-09 07:52:52',100,'00:45:00','2021-05-20 18:56:50'),(296,133,51,9,'1983-02-01 23:27:22',24,'00:30:00','2021-05-20 18:58:46'),(297,90,92,36,'1994-02-12 18:59:33',51,'00:45:00','2021-05-20 18:56:50'),(298,132,189,28,'1997-01-03 18:00:01',82,'01:50:00','2021-05-20 18:59:16'),(299,152,53,29,'1984-06-08 15:10:12',66,'01:50:00','2021-05-20 18:59:16'),(300,134,152,18,'1985-12-26 03:09:16',43,'00:45:00','2021-05-20 18:56:50'),(301,24,7,25,'2014-05-20 14:13:03',51,'00:45:00','2021-05-20 18:56:50'),(302,60,136,33,'1989-03-06 01:44:53',90,'01:50:00','2021-05-20 18:59:16'),(303,103,141,28,'2018-05-26 23:59:56',100,'00:45:00','2021-05-20 18:56:50'),(304,173,147,48,'2001-08-31 11:05:31',53,'00:45:00','2021-05-20 18:56:50'),(305,99,96,32,'1981-09-30 00:37:32',69,'01:50:00','2021-05-20 18:59:16'),(306,36,80,25,'1980-02-20 15:56:13',70,'01:50:00','2021-05-20 18:59:16'),(307,150,125,9,'2010-12-01 15:24:22',27,'00:30:00','2021-05-20 18:58:46'),(308,162,84,18,'2006-02-22 20:49:19',52,'00:45:00','2021-05-20 18:56:50'),(309,48,70,35,'2001-09-11 11:52:36',97,'01:50:00','2021-05-20 18:59:16'),(310,162,160,11,'2013-09-16 18:48:07',46,'00:45:00','2021-05-20 18:56:50'),(311,152,171,12,'1991-07-23 05:12:03',58,'00:45:00','2021-05-20 18:56:50'),(312,102,60,13,'1976-06-22 19:02:38',58,'00:45:00','2021-05-20 18:56:50'),(313,100,163,17,'2006-11-30 16:05:57',82,'01:50:00','2021-05-20 18:59:16'),(314,1,104,11,'1995-11-09 22:10:32',48,'00:45:00','2021-05-20 18:56:50'),(315,86,86,33,'1996-10-28 21:58:29',93,'01:50:00','2021-05-20 18:59:16'),(316,179,194,36,'2013-06-06 11:08:17',49,'00:45:00','2021-05-20 18:56:50'),(317,123,135,9,'1974-09-30 12:39:54',23,'00:30:00','2021-05-20 18:58:46'),(318,50,28,42,'1972-10-27 17:38:38',89,'01:50:00','2021-05-20 18:59:16'),(319,50,86,23,'2011-02-20 17:25:48',36,'00:23:00','2021-05-20 19:02:30'),(320,111,59,18,'1979-01-11 10:50:44',64,'01:50:00','2021-05-20 18:59:16'),(321,30,184,35,'1989-08-25 17:55:26',91,'01:50:00','2021-05-20 18:59:16'),(322,13,121,2,'2009-09-10 12:40:20',44,'00:45:00','2021-05-20 18:56:50'),(323,112,156,50,'2003-10-08 21:32:58',44,'00:45:00','2021-05-20 18:56:50'),(324,19,132,9,'1994-05-22 00:46:50',71,'01:50:00','2021-05-20 18:59:16'),(325,120,117,23,'1985-11-25 16:35:27',11,'00:45:00','2021-05-20 18:56:50'),(326,133,103,28,'1978-05-15 21:13:40',61,'01:50:00','2021-05-20 18:59:16'),(327,50,71,33,'1977-05-29 13:08:02',19,'00:45:00','2021-05-20 18:56:50'),(328,84,80,4,'1999-11-08 19:33:41',72,'01:50:00','2021-05-20 18:59:16'),(329,186,9,4,'1975-05-04 08:23:37',96,'01:50:00','2021-05-20 18:59:16'),(330,5,46,27,'2000-08-15 07:21:44',21,'00:30:00','2021-05-20 18:58:46'),(331,153,178,38,'1976-10-16 18:20:40',69,'01:50:00','2021-05-20 18:59:16'),(332,137,118,41,'2016-10-24 07:05:57',91,'01:50:00','2021-05-20 18:59:16'),(333,132,30,16,'1991-04-03 15:35:17',67,'01:50:00','2021-05-20 18:59:16'),(334,108,45,29,'1998-05-19 11:48:17',90,'01:50:00','2021-05-20 18:59:16'),(335,24,19,18,'2012-01-18 13:11:53',22,'00:30:00','2021-05-20 18:58:46'),(336,163,96,32,'1980-05-07 06:52:40',30,'00:30:00','2021-05-20 18:58:46'),(337,82,88,49,'1987-11-25 00:28:18',34,'00:23:00','2021-05-20 19:02:30'),(338,102,104,2,'1997-09-17 17:22:41',68,'01:50:00','2021-05-20 18:59:16'),(339,126,124,11,'1987-03-28 19:11:06',86,'01:50:00','2021-05-20 18:59:16'),(340,50,198,20,'2012-11-26 10:24:26',86,'01:50:00','2021-05-20 18:59:16'),(341,166,17,8,'1989-05-09 08:00:44',57,'00:45:00','2021-05-20 18:56:50'),(342,161,90,3,'2006-06-04 17:07:58',39,'00:23:00','2021-05-20 19:02:30'),(343,140,76,24,'2004-11-03 00:09:58',63,'01:50:00','2021-05-20 18:59:16'),(344,114,190,48,'1992-12-26 21:50:52',74,'01:50:00','2021-05-20 18:59:16'),(345,128,38,12,'1979-12-30 17:47:14',86,'01:50:00','2021-05-20 18:59:16'),(346,92,144,42,'2010-08-25 11:17:21',74,'01:50:00','2021-05-20 18:59:16'),(347,75,83,49,'2008-11-18 05:22:05',52,'00:45:00','2021-05-20 18:56:50'),(348,171,60,22,'1990-08-07 11:41:14',100,'00:45:00','2021-05-20 18:56:50'),(349,185,195,39,'1998-02-11 13:32:17',66,'01:50:00','2021-05-20 18:59:16'),(350,117,26,16,'1987-05-02 03:37:47',96,'01:50:00','2021-05-20 18:59:16'),(351,174,39,42,'1992-08-04 00:28:54',9,'00:18:00','2021-05-20 19:02:50'),(352,70,181,11,'1974-01-11 19:10:18',6,'00:45:00','2021-05-20 18:56:50'),(353,53,131,29,'1970-05-18 17:52:19',84,'01:50:00','2021-05-20 18:59:16'),(354,178,30,18,'2004-08-17 06:40:42',88,'01:50:00','2021-05-20 18:59:16'),(355,83,190,37,'2015-07-22 00:07:22',60,'00:41:21','1997-06-26 09:26:28'),(356,56,98,18,'2019-12-16 03:03:24',17,'00:45:00','2021-05-20 18:56:50'),(357,177,191,9,'2012-02-16 23:50:17',76,'01:50:00','2021-05-20 18:59:16'),(358,90,95,20,'2019-09-25 05:48:27',60,'00:45:00','2021-05-20 18:56:50'),(359,121,166,8,'1999-10-14 08:16:47',13,'00:45:00','2021-05-20 18:56:50'),(360,116,103,40,'1993-12-02 19:55:43',75,'01:50:00','2021-05-20 18:59:16'),(361,186,185,2,'1974-09-06 13:05:04',87,'01:50:00','2021-05-20 18:59:16'),(362,186,94,18,'1994-01-29 14:06:16',40,'00:45:00','2021-05-20 18:56:50'),(363,67,48,16,'2004-06-17 02:59:11',91,'01:50:00','2021-05-20 18:59:16'),(364,175,190,29,'2019-06-26 18:53:14',26,'00:30:00','2021-05-20 18:58:46'),(365,55,57,10,'2002-03-08 11:52:36',32,'00:23:00','2021-05-20 19:02:30'),(366,185,92,42,'2004-01-10 09:42:21',6,'00:45:00','2021-05-20 18:56:50'),(367,172,49,44,'2006-12-30 18:29:37',62,'01:50:00','2021-05-20 18:59:16'),(368,5,37,33,'2003-05-09 13:58:17',76,'01:50:00','2021-05-20 18:59:16'),(369,115,168,7,'1986-02-28 15:24:49',27,'00:30:00','2021-05-20 18:58:46'),(370,109,87,43,'1985-07-07 16:41:08',49,'00:45:00','2021-05-20 18:56:50'),(371,8,185,33,'2001-05-05 20:47:18',63,'01:50:00','2021-05-20 18:59:16'),(372,136,118,31,'2016-09-09 14:58:16',29,'00:30:00','2021-05-20 18:58:46'),(373,20,3,18,'1997-12-04 22:39:15',66,'01:50:00','2021-05-20 18:59:16'),(374,71,56,27,'2020-12-03 21:23:33',63,'01:50:00','2021-05-20 18:59:16'),(375,101,132,38,'1999-09-02 07:55:39',26,'00:30:00','2021-05-20 18:58:46'),(376,36,81,37,'1983-05-28 23:45:59',90,'01:50:00','2021-05-20 18:59:16'),(377,88,37,28,'1983-08-13 22:00:57',90,'01:50:00','2021-05-20 18:59:16'),(378,180,181,40,'2017-08-28 03:10:46',98,'01:50:00','2021-05-20 18:59:16'),(379,50,134,27,'1992-04-30 19:17:40',6,'00:45:00','2021-05-20 18:56:50'),(380,42,19,50,'1995-05-04 18:33:20',37,'00:23:00','2021-05-20 19:02:30'),(381,135,30,8,'2016-10-07 01:18:14',23,'00:30:00','2021-05-20 18:58:46'),(382,118,85,18,'1970-06-07 07:45:19',78,'01:50:00','2021-05-20 18:59:16'),(383,13,13,40,'2015-02-01 23:14:55',69,'01:50:00','2021-05-20 18:59:16'),(384,151,111,9,'1974-10-28 23:39:27',45,'00:45:00','2021-05-20 18:56:50'),(385,137,13,24,'2008-12-21 07:17:40',45,'00:45:00','2021-05-20 18:56:50'),(386,25,123,38,'1981-10-23 16:33:19',95,'01:50:00','2021-05-20 18:59:16'),(387,63,90,20,'1992-01-09 13:37:16',77,'01:50:00','2021-05-20 18:59:16'),(388,153,65,29,'1994-12-28 23:23:14',69,'01:50:00','2021-05-20 18:59:16'),(389,82,131,31,'2020-10-23 15:40:47',25,'00:30:00','2021-05-20 18:58:46'),(390,67,3,14,'1975-04-17 01:02:11',92,'01:50:00','2021-05-20 18:59:16'),(391,45,94,45,'1991-03-29 22:25:57',76,'01:50:00','2021-05-20 18:59:16'),(392,100,189,9,'1999-08-07 02:39:10',55,'00:45:00','2021-05-20 18:56:50'),(393,64,16,2,'1998-02-21 00:41:51',30,'00:30:00','2021-05-20 18:58:46'),(394,162,150,1,'1983-07-28 20:27:01',28,'00:30:00','2021-05-20 18:58:46'),(395,161,21,14,'1999-07-09 16:18:53',7,'00:18:00','2021-05-20 19:02:50'),(396,90,112,38,'1970-04-05 20:16:43',21,'00:30:00','2021-05-20 18:58:46'),(397,42,124,19,'1974-06-13 14:45:35',73,'01:50:00','2021-05-20 18:59:16'),(398,7,184,33,'2014-08-13 01:05:15',46,'00:45:00','2021-05-20 18:56:50'),(399,39,177,23,'1991-11-07 04:31:50',83,'01:50:00','2021-05-20 18:59:16'),(400,138,58,34,'1977-09-05 03:11:06',29,'00:30:00','2021-05-20 18:58:46'),(401,22,50,6,'2001-10-24 09:45:22',78,'01:50:00','2021-05-20 18:59:16'),(402,136,175,39,'1992-08-15 08:37:56',60,'00:45:00','2021-05-20 18:56:50'),(403,2,174,33,'2015-02-13 14:19:21',48,'00:45:00','2021-05-20 18:56:50'),(404,88,122,42,'2012-08-11 11:01:14',85,'01:50:00','2021-05-20 18:59:16'),(405,169,78,38,'1999-11-02 20:14:32',58,'00:45:00','2021-05-20 18:56:50'),(406,24,161,27,'1990-03-15 17:00:14',39,'00:23:00','2021-05-20 19:02:30'),(407,39,61,48,'1990-02-28 11:55:10',77,'01:50:00','2021-05-20 18:59:16'),(408,156,167,26,'2000-04-05 10:00:13',79,'01:50:00','2021-05-20 18:59:16'),(409,123,134,37,'1993-02-27 16:13:58',36,'00:23:00','2021-05-20 19:02:30'),(410,185,182,44,'2012-03-19 06:10:47',94,'01:50:00','2021-05-20 18:59:16'),(411,154,32,12,'1976-06-04 03:01:07',47,'00:45:00','2021-05-20 18:56:50'),(412,193,145,8,'1972-07-20 23:03:00',52,'00:45:00','2021-05-20 18:56:50'),(413,21,145,38,'1993-04-30 04:35:50',23,'00:30:00','2021-05-20 18:58:46'),(414,183,140,39,'1972-04-29 14:24:32',92,'01:50:00','2021-05-20 18:59:16'),(415,114,22,3,'1970-10-16 13:47:20',79,'01:50:00','2021-05-20 18:59:16'),(416,140,97,4,'1992-12-17 03:52:22',78,'01:50:00','2021-05-20 18:59:16'),(417,49,113,24,'1971-02-24 16:58:48',53,'00:45:00','2021-05-20 18:56:50'),(418,169,35,8,'2000-06-17 13:40:34',75,'01:50:00','2021-05-20 18:59:16'),(419,194,49,9,'2011-07-07 22:10:02',86,'01:50:00','2021-05-20 18:59:16'),(420,108,77,25,'2011-01-06 20:18:25',50,'00:45:00','2021-05-20 18:56:50'),(421,47,163,2,'2017-09-14 20:18:31',36,'00:23:00','2021-05-20 19:02:30'),(422,105,172,17,'2013-01-25 17:19:12',39,'00:23:00','2021-05-20 19:02:30'),(423,188,185,4,'2002-05-13 00:54:40',18,'00:45:00','2021-05-20 18:56:50'),(424,90,192,21,'2005-11-09 08:21:03',93,'01:50:00','2021-05-20 18:59:16'),(425,183,113,26,'2016-01-24 10:13:58',83,'01:50:00','2021-05-20 18:59:16'),(426,133,73,42,'1986-08-19 10:35:51',47,'00:03:00','2007-11-04 15:43:41'),(427,154,27,21,'1987-09-28 09:26:48',25,'00:30:00','2021-05-20 18:58:46'),(428,116,41,14,'1999-12-30 06:18:57',68,'01:50:00','2021-05-20 18:59:16'),(429,120,129,44,'1977-12-29 15:17:16',54,'00:45:00','2021-05-20 18:56:50'),(430,142,102,18,'2005-11-15 05:39:35',23,'00:30:00','2021-05-20 18:58:46'),(431,1,40,25,'2011-03-02 02:59:33',37,'00:23:00','2021-05-20 19:02:30'),(432,138,79,9,'1971-01-07 05:38:08',42,'00:45:00','2021-05-20 18:56:50'),(433,6,132,6,'1995-06-02 19:40:07',8,'00:18:00','2021-05-20 19:02:50'),(434,15,25,40,'1997-05-09 17:53:48',20,'00:45:00','2021-05-20 18:56:50'),(435,112,164,7,'1986-01-21 04:27:14',34,'00:23:00','2021-05-20 19:02:30'),(436,181,27,44,'2007-09-19 10:46:17',93,'01:50:00','2021-05-20 18:59:16'),(437,166,98,19,'1978-10-18 03:38:11',8,'00:18:00','2021-05-20 19:02:50'),(438,151,157,19,'2004-10-23 19:18:49',96,'01:50:00','2021-05-20 18:59:16'),(439,158,93,21,'1973-07-15 06:37:59',83,'01:50:00','2021-05-20 18:59:16'),(440,50,88,9,'2013-09-02 20:28:26',92,'01:50:00','2021-05-20 18:59:16'),(441,105,143,32,'2003-06-19 23:42:41',39,'00:23:00','2021-05-20 19:02:30'),(442,109,72,19,'2020-10-12 15:33:19',36,'00:23:00','2021-05-20 19:02:30'),(443,57,95,50,'2004-07-17 03:26:10',74,'01:50:00','2021-05-20 18:59:16'),(444,152,129,9,'2014-06-25 03:59:37',6,'00:45:00','2021-05-20 18:56:50'),(445,96,196,39,'1973-01-16 19:22:02',23,'00:30:00','2021-05-20 18:58:46'),(446,18,127,9,'1976-07-24 13:48:34',77,'01:50:00','2021-05-20 18:59:16'),(447,133,138,4,'1994-07-17 01:04:25',14,'00:45:00','2021-05-20 18:56:50'),(448,30,13,22,'2016-09-06 14:15:27',19,'00:45:00','2021-05-20 18:56:50'),(449,156,2,4,'1990-08-09 03:47:40',80,'01:50:00','2021-05-20 18:59:16'),(450,74,87,36,'1994-08-20 09:38:55',35,'00:23:00','2021-05-20 19:02:30'),(451,198,7,42,'1986-03-04 17:39:25',6,'00:45:00','2021-05-20 18:56:50'),(452,129,156,17,'2002-04-23 11:12:31',65,'01:50:00','2021-05-20 18:59:16'),(453,15,36,29,'1971-12-23 04:01:20',48,'00:45:00','2021-05-20 18:56:50'),(454,30,68,19,'2006-04-09 01:43:26',12,'00:45:00','2021-05-20 18:56:50'),(455,191,142,4,'1982-04-28 23:11:11',78,'01:50:00','2021-05-20 18:59:16'),(456,51,59,34,'1974-07-23 05:24:12',57,'00:45:00','2021-05-20 18:56:50'),(457,119,168,3,'1996-03-11 15:55:42',99,'01:50:00','2021-05-20 18:59:16'),(458,83,143,49,'1985-08-30 05:59:59',49,'00:45:00','2021-05-20 18:56:50'),(459,161,28,22,'1984-05-04 18:18:22',36,'00:23:00','2021-05-20 19:02:30'),(460,185,150,2,'2018-11-28 13:45:30',79,'01:50:00','2021-05-20 18:59:16'),(461,53,92,11,'1971-02-05 00:02:02',60,'00:45:00','2021-05-20 18:56:50'),(462,156,152,2,'1979-04-20 15:02:22',77,'01:50:00','2021-05-20 18:59:16'),(463,147,147,39,'1975-06-23 07:12:00',40,'00:45:00','2021-05-20 18:56:50'),(464,155,172,48,'1979-05-19 16:03:01',20,'00:45:00','2021-05-20 18:56:50'),(465,17,69,10,'1992-05-14 22:27:54',72,'01:50:00','2021-05-20 18:59:16'),(466,181,36,5,'1977-01-29 16:57:49',15,'00:45:00','2021-05-20 18:56:50'),(467,131,110,23,'2020-04-11 09:33:25',76,'01:50:00','2021-05-20 18:59:16'),(468,156,150,41,'1973-01-09 01:39:09',49,'00:26:51','2019-06-15 05:25:23'),(469,141,148,9,'2011-02-11 06:05:59',83,'01:50:00','2021-05-20 18:59:16'),(470,137,115,18,'1985-02-19 16:08:15',26,'00:30:00','2021-05-20 18:58:46'),(471,7,185,48,'2019-05-05 06:07:10',71,'01:50:00','2021-05-20 18:59:16'),(472,194,63,50,'1971-11-15 18:41:29',60,'00:45:00','2021-05-20 18:56:50'),(473,170,45,21,'1992-09-27 00:08:12',38,'00:23:00','2021-05-20 19:02:30'),(474,116,136,42,'2001-04-22 09:47:05',78,'01:50:00','2021-05-20 18:59:16'),(475,129,6,5,'1995-06-10 04:06:35',53,'00:45:00','2021-05-20 18:56:50'),(476,81,101,7,'2018-03-09 23:52:09',10,'00:45:00','2021-05-20 18:56:50'),(477,140,111,38,'1986-01-21 14:58:20',76,'01:50:00','2021-05-20 18:59:16'),(478,90,153,35,'1999-12-17 13:59:53',12,'00:45:00','2021-05-20 18:56:50'),(479,198,120,50,'2012-08-28 08:59:03',59,'00:45:00','2021-05-20 18:56:50'),(480,104,53,12,'2007-09-16 20:19:06',33,'00:23:00','2021-05-20 19:02:30'),(481,12,154,9,'1977-11-24 00:22:09',27,'00:30:00','2021-05-20 18:58:46'),(482,16,166,2,'2001-01-11 17:39:53',25,'00:30:00','2021-05-20 18:58:46'),(483,182,83,32,'1987-01-31 12:24:18',64,'01:50:00','2021-05-20 18:59:16'),(484,130,110,13,'2020-06-22 11:28:54',96,'01:50:00','2021-05-20 18:59:16'),(485,110,112,13,'2020-11-06 11:01:25',80,'01:50:00','2021-05-20 18:59:16'),(486,66,60,36,'2011-07-20 09:11:40',62,'01:50:00','2021-05-20 18:59:16'),(487,196,104,34,'1976-05-04 13:04:02',22,'00:30:00','2021-05-20 18:58:46'),(488,118,104,25,'2020-07-08 16:39:16',12,'00:39:50','1978-08-13 20:26:19'),(489,179,104,38,'1976-07-01 19:59:46',11,'00:45:00','2021-05-20 18:56:50'),(490,175,10,35,'2010-01-20 20:47:19',49,'00:45:00','2021-05-20 18:56:50'),(491,174,13,25,'2009-10-23 23:55:51',89,'01:50:00','2021-05-20 18:59:16'),(492,146,148,33,'1992-10-30 03:25:23',40,'00:45:00','2021-05-20 18:56:50'),(493,93,146,2,'2006-07-30 17:58:34',58,'00:45:00','2021-05-20 18:56:50'),(494,147,131,22,'2007-10-30 08:55:06',88,'01:50:00','2021-05-20 18:59:16'),(495,189,98,5,'2015-03-20 06:22:08',10,'00:45:00','2021-05-20 18:56:50'),(496,149,179,30,'1992-06-19 23:04:33',45,'00:45:00','2021-05-20 18:56:50'),(497,131,152,30,'1980-12-28 10:33:05',63,'01:50:00','2021-05-20 18:59:16'),(498,163,101,32,'2004-02-09 03:42:25',75,'01:50:00','2021-05-20 18:59:16'),(499,105,7,25,'1988-11-26 16:34:02',95,'01:50:00','2021-05-20 18:59:16'),(500,36,85,48,'1977-09-11 03:51:04',82,'01:50:00','2021-05-20 18:59:16'),(501,6,70,8,'1976-01-16 07:00:35',12,'00:45:00','2021-05-20 18:56:50'),(502,81,169,7,'2009-04-30 21:14:44',96,'01:50:00','2021-05-20 18:59:16'),(503,107,164,46,'2018-04-23 18:28:33',71,'01:50:00','2021-05-20 18:59:16'),(504,159,40,30,'2019-12-23 07:44:08',39,'00:23:00','2021-05-20 19:02:30'),(505,124,52,28,'1987-05-23 20:29:54',28,'00:30:00','2021-05-20 18:58:46'),(506,1,41,34,'1979-12-18 06:09:42',33,'00:23:00','2021-05-20 19:02:30'),(507,59,143,22,'1993-06-11 03:17:41',42,'00:45:00','2021-05-20 18:56:50'),(508,65,70,36,'1997-10-23 13:11:48',71,'01:50:00','2021-05-20 18:59:16'),(509,108,165,13,'2008-07-20 18:51:32',96,'01:50:00','2021-05-20 18:59:16'),(510,51,179,7,'2020-05-17 22:27:56',96,'01:50:00','2021-05-20 18:59:16'),(511,151,95,21,'1999-06-30 15:45:11',68,'01:50:00','2021-05-20 18:59:16'),(512,120,180,37,'1992-10-11 12:17:48',46,'00:45:00','2021-05-20 18:56:50'),(513,72,10,27,'1992-12-17 14:52:52',8,'00:18:00','2021-05-20 19:02:50'),(514,93,113,23,'1983-03-24 03:59:33',81,'01:50:00','2021-05-20 18:59:16'),(515,77,152,9,'1992-01-24 09:37:23',56,'00:45:00','2021-05-20 18:56:50'),(516,186,191,26,'1980-05-19 18:32:47',52,'00:45:00','2021-05-20 18:56:50'),(517,33,136,8,'1982-04-11 20:52:52',25,'00:30:00','2021-05-20 18:58:46'),(518,63,112,8,'2001-11-11 07:04:57',64,'01:50:00','2021-05-20 18:59:16'),(519,174,132,35,'2019-05-09 02:19:26',9,'00:18:00','2021-05-20 19:02:50'),(520,140,63,25,'1987-03-26 04:24:53',64,'01:50:00','2021-05-20 18:59:16'),(521,158,52,38,'2008-07-14 11:51:00',99,'01:50:00','2021-05-20 18:59:16'),(522,142,131,14,'2019-10-15 06:35:16',96,'01:50:00','2021-05-20 18:59:16'),(523,138,56,6,'2017-04-16 09:12:29',6,'00:45:00','2021-05-20 18:56:50'),(524,23,69,31,'2014-01-24 04:13:01',33,'00:23:00','2021-05-20 19:02:30'),(525,67,19,34,'1996-10-09 09:46:08',79,'01:50:00','2021-05-20 18:59:16'),(526,96,164,43,'1998-01-26 10:53:22',43,'00:45:00','2021-05-20 18:56:50'),(527,179,48,38,'2009-11-11 02:59:42',32,'00:23:00','2021-05-20 19:02:30'),(528,8,130,14,'1999-11-18 14:02:35',32,'00:23:00','2021-05-20 19:02:30'),(529,159,77,44,'1988-04-20 03:43:34',65,'01:50:00','2021-05-20 18:59:16'),(530,4,158,16,'1987-03-29 00:00:03',46,'00:45:00','2021-05-20 18:56:50'),(531,138,43,47,'1995-11-30 19:07:55',53,'00:45:00','2021-05-20 18:56:50'),(532,126,165,1,'1982-03-17 07:21:08',82,'01:50:00','2021-05-20 18:59:16'),(533,192,174,13,'1996-08-16 09:21:01',49,'00:45:00','2021-05-20 18:56:50'),(534,106,142,50,'1987-04-01 18:23:38',76,'01:50:00','2021-05-20 18:59:16'),(535,161,93,23,'1973-02-26 04:34:02',98,'01:50:00','2021-05-20 18:59:16'),(536,151,181,30,'2017-03-26 04:16:59',54,'00:45:00','2021-05-20 18:56:50'),(537,196,177,49,'2016-12-28 01:50:53',28,'00:30:00','2021-05-20 18:58:46'),(538,78,37,20,'1976-03-29 02:18:29',59,'00:45:00','2021-05-20 18:56:50'),(539,163,59,5,'1972-04-09 03:10:26',97,'01:50:00','2021-05-20 18:59:16'),(540,135,92,14,'1997-12-29 04:11:48',62,'01:50:00','2021-05-20 18:59:16'),(541,142,166,48,'2014-02-11 22:44:20',72,'01:50:00','2021-05-20 18:59:16'),(542,23,170,24,'2014-08-25 02:03:33',95,'01:50:00','2021-05-20 18:59:16'),(543,29,193,44,'2012-09-03 21:41:32',19,'00:45:00','2021-05-20 18:56:50'),(544,28,65,27,'2017-08-12 04:42:06',30,'00:30:00','2021-05-20 18:58:46'),(545,176,8,27,'1985-02-19 23:54:01',58,'00:45:00','2021-05-20 18:56:50'),(546,156,168,6,'2003-02-14 23:11:56',71,'01:50:00','2021-05-20 18:59:16'),(547,180,80,23,'1992-10-28 04:54:43',26,'00:30:00','2021-05-20 18:58:46'),(548,136,182,32,'2013-03-10 23:17:22',63,'01:50:00','2021-05-20 18:59:16'),(549,20,195,11,'1979-02-14 15:30:51',18,'00:45:00','2021-05-20 18:56:50'),(550,71,171,16,'2010-11-08 16:51:33',12,'00:45:00','2021-05-20 18:56:50'),(551,127,56,15,'1974-10-27 01:17:02',27,'00:30:00','2021-05-20 18:58:46'),(552,72,139,40,'2003-07-10 19:59:49',66,'01:50:00','2021-05-20 18:59:16'),(553,187,155,1,'1975-02-21 11:57:06',70,'01:50:00','2021-05-20 18:59:16'),(554,189,102,2,'1973-11-15 13:17:51',60,'00:45:00','2021-05-20 18:56:50'),(555,12,110,50,'1997-07-24 13:21:57',35,'00:23:00','2021-05-20 19:02:30'),(556,166,160,40,'1995-04-14 16:02:30',42,'00:45:00','2021-05-20 18:56:50'),(557,181,34,5,'2013-11-22 13:16:20',80,'01:50:00','2021-05-20 18:59:16'),(558,175,20,47,'1992-07-08 07:05:20',32,'00:23:00','2021-05-20 19:02:30'),(559,125,174,42,'2005-09-19 01:55:37',61,'01:50:00','2021-05-20 18:59:16'),(560,190,124,36,'1984-03-17 16:22:34',54,'00:45:00','2021-05-20 18:56:50'),(561,59,88,33,'2013-02-07 17:29:24',80,'01:50:00','2021-05-20 18:59:16'),(562,84,10,21,'1989-09-06 06:28:25',66,'01:50:00','2021-05-20 18:59:16'),(563,177,111,22,'1972-09-22 04:51:28',6,'00:45:00','2021-05-20 18:56:50'),(564,157,177,22,'1985-10-14 00:59:47',57,'00:45:00','2021-05-20 18:56:50'),(565,87,48,34,'2015-06-09 17:27:39',95,'01:50:00','2021-05-20 18:59:16'),(566,136,168,24,'1990-04-15 01:25:13',52,'00:32:28','1988-08-10 16:34:23'),(567,110,115,27,'2020-10-10 10:31:47',52,'00:45:00','2021-05-20 18:56:50'),(568,186,48,5,'1998-11-27 13:33:32',76,'01:50:00','2021-05-20 18:59:16'),(569,194,64,6,'1972-02-24 10:36:22',50,'00:45:00','2021-05-20 18:56:50'),(570,118,62,28,'1985-01-07 07:51:32',48,'00:45:00','2021-05-20 18:56:50'),(571,36,170,20,'1972-11-20 18:21:46',73,'01:50:00','2021-05-20 18:59:16'),(572,37,151,40,'1971-12-01 10:48:58',12,'00:45:00','2021-05-20 18:56:50'),(573,77,94,21,'1989-04-30 16:22:48',33,'00:23:00','2021-05-20 19:02:30'),(574,26,122,20,'1996-10-02 20:24:40',82,'01:50:00','2021-05-20 18:59:16'),(575,105,119,29,'1971-11-29 07:01:16',69,'01:50:00','2021-05-20 18:59:16'),(576,134,42,17,'1994-02-24 13:06:57',64,'01:50:00','2021-05-20 18:59:16'),(577,80,80,39,'2017-07-06 12:23:52',76,'01:50:00','2021-05-20 18:59:16'),(578,178,40,45,'2011-11-26 06:40:33',8,'00:18:00','2021-05-20 19:02:50'),(579,40,120,18,'1989-06-01 05:33:26',67,'01:50:00','2021-05-20 18:59:16'),(580,37,169,15,'1999-08-07 09:03:49',98,'01:50:00','2021-05-20 18:59:16'),(581,71,52,47,'1975-02-15 12:08:54',9,'00:18:00','2021-05-20 19:02:50'),(582,36,52,26,'1979-07-09 10:38:09',13,'00:45:00','2021-05-20 18:56:50'),(583,45,113,10,'1981-04-29 11:08:40',60,'00:45:00','2021-05-20 18:56:50'),(584,171,60,8,'1992-06-30 16:13:28',93,'01:50:00','2021-05-20 18:59:16'),(585,86,180,34,'2019-03-05 20:51:46',11,'00:17:54','1972-03-14 19:09:31'),(586,130,121,17,'1978-05-29 06:10:10',45,'00:45:00','2021-05-20 18:56:50'),(587,24,134,15,'1995-09-01 15:38:04',19,'00:45:00','2021-05-20 18:56:50'),(588,162,6,30,'1973-03-26 15:46:29',80,'01:50:00','2021-05-20 18:59:16'),(589,91,163,27,'1970-03-19 13:13:06',36,'00:23:00','2021-05-20 19:02:30'),(590,196,34,20,'2006-05-06 16:03:59',96,'01:50:00','2021-05-20 18:59:16'),(591,10,189,7,'2019-10-05 12:54:37',22,'00:30:00','2021-05-20 18:58:46'),(592,78,129,1,'1973-01-07 01:52:07',11,'00:45:00','2021-05-20 18:56:50'),(593,108,56,29,'1990-01-30 11:35:01',74,'01:50:00','2021-05-20 18:59:16'),(594,175,194,4,'2006-12-17 22:03:51',47,'00:45:00','2021-05-20 18:56:50'),(595,97,75,12,'1982-06-21 22:19:19',82,'01:50:00','2021-05-20 18:59:16'),(596,36,126,14,'2013-05-21 04:02:29',69,'01:50:00','2021-05-20 18:59:16'),(597,57,4,16,'1999-12-09 02:52:25',10,'00:45:00','2021-05-20 18:56:50'),(598,186,83,6,'1987-07-13 11:15:56',82,'01:50:00','2021-05-20 18:59:16'),(599,120,106,35,'2016-01-10 10:29:36',37,'00:23:00','2021-05-20 19:02:30'),(600,131,180,38,'1973-01-26 00:05:26',19,'00:27:53','2011-06-17 23:09:32'),(601,119,90,9,'2008-08-10 03:14:42',12,'00:45:00','2021-05-20 18:56:50'),(602,175,134,40,'2018-06-09 00:07:26',33,'00:23:00','2021-05-20 19:02:30'),(603,134,34,7,'1984-01-21 16:25:55',9,'00:18:00','2021-05-20 19:02:50'),(604,23,199,41,'2021-02-13 21:12:08',90,'01:50:00','2021-05-20 18:59:16'),(605,62,85,32,'1991-03-30 12:26:54',37,'00:23:00','2021-05-20 19:02:30'),(606,38,199,39,'1999-02-21 22:53:47',20,'00:45:00','2021-05-20 18:56:50'),(607,90,163,1,'1971-02-15 11:05:52',76,'01:50:00','2021-05-20 18:59:16'),(608,134,147,34,'2007-09-08 21:37:45',69,'01:50:00','2021-05-20 18:59:16'),(609,121,158,42,'2006-02-22 11:28:40',96,'01:50:00','2021-05-20 18:59:16'),(610,173,65,41,'1992-10-07 11:35:12',100,'00:45:00','2021-05-20 18:56:50'),(611,112,30,2,'2013-04-19 00:37:33',13,'00:45:00','2021-05-20 18:56:50'),(612,106,123,28,'1976-11-05 15:04:23',32,'00:23:00','2021-05-20 19:02:30'),(613,74,131,15,'1975-04-22 02:04:28',85,'01:50:00','2021-05-20 18:59:16'),(614,28,129,13,'2002-10-27 00:43:23',39,'00:23:00','2021-05-20 19:02:30'),(615,183,161,15,'1974-04-05 07:24:34',11,'00:45:00','2021-05-20 18:56:50'),(616,52,7,13,'1998-09-27 02:23:40',51,'00:45:00','2021-05-20 18:56:50'),(617,197,108,49,'2012-09-28 22:59:43',54,'00:45:00','2021-05-20 18:56:50'),(618,75,49,46,'1985-10-08 16:15:43',37,'00:23:00','2021-05-20 19:02:30'),(619,32,6,47,'2000-10-29 06:32:16',88,'01:50:00','2021-05-20 18:59:16'),(620,41,22,21,'1971-09-30 11:37:07',65,'01:50:00','2021-05-20 18:59:16'),(621,117,31,37,'1980-08-28 02:10:09',24,'00:30:00','2021-05-20 18:58:46'),(622,45,178,17,'2001-02-05 19:44:52',42,'00:45:00','2021-05-20 18:56:50'),(623,87,169,48,'2018-05-25 14:04:45',34,'00:23:00','2021-05-20 19:02:30'),(624,33,37,22,'2010-12-04 13:07:08',90,'01:50:00','2021-05-20 18:59:16'),(625,149,133,45,'1999-01-12 06:51:53',27,'00:30:00','2021-05-20 18:58:46'),(626,98,10,17,'2014-08-10 09:34:13',28,'00:30:00','2021-05-20 18:58:46'),(627,65,55,44,'1987-02-22 01:01:04',70,'01:50:00','2021-05-20 18:59:16'),(628,138,175,4,'2018-09-09 13:41:35',57,'00:45:00','2021-05-20 18:56:50'),(629,86,76,21,'2014-10-08 04:28:41',9,'00:18:00','2021-05-20 19:02:50'),(630,26,81,48,'1982-02-13 15:00:50',13,'00:45:00','2021-05-20 18:56:50'),(631,54,41,44,'2010-10-26 06:36:01',73,'01:50:00','2021-05-20 18:59:16'),(632,16,121,38,'2006-03-07 17:39:13',98,'01:50:00','2021-05-20 18:59:16'),(633,2,106,7,'2018-04-23 22:26:33',37,'00:23:00','2021-05-20 19:02:30'),(634,1,74,27,'1981-06-01 14:47:22',76,'01:50:00','2021-05-20 18:59:16'),(635,193,18,50,'1995-01-07 23:44:48',41,'00:45:00','2021-05-20 18:56:50'),(636,184,69,18,'2010-05-16 19:18:20',18,'00:45:00','2021-05-20 18:56:50'),(637,29,176,44,'2015-12-11 11:00:47',15,'00:45:00','2021-05-20 18:56:50'),(638,25,44,45,'2020-10-03 02:14:49',98,'01:50:00','2021-05-20 18:59:16'),(639,93,103,2,'1972-03-08 07:16:22',61,'01:50:00','2021-05-20 18:59:16'),(640,31,132,22,'1989-02-10 02:18:37',52,'00:35:27','1973-06-18 04:23:41'),(641,131,160,45,'1978-06-21 10:35:31',39,'00:23:00','2021-05-20 19:02:30'),(642,90,36,42,'1995-10-10 21:52:22',21,'00:30:00','2021-05-20 18:58:46'),(643,95,88,19,'2010-12-06 15:58:33',96,'01:50:00','2021-05-20 18:59:16'),(644,61,115,31,'2000-08-26 10:13:04',76,'01:50:00','2021-05-20 18:59:16'),(645,191,44,36,'2017-07-22 01:19:44',29,'00:30:00','2021-05-20 18:58:46'),(646,94,155,50,'1987-11-28 16:15:15',34,'00:23:00','2021-05-20 19:02:30'),(647,77,53,29,'2003-01-28 08:11:28',20,'00:45:00','2021-05-20 18:56:50'),(648,16,114,20,'2013-12-08 00:02:06',78,'01:50:00','2021-05-20 18:59:16'),(649,75,155,42,'1970-12-29 08:28:10',47,'00:45:00','2021-05-20 18:56:50'),(650,164,181,22,'2001-06-30 00:42:40',69,'01:50:00','2021-05-20 18:59:16'),(651,133,68,24,'2000-09-25 06:54:08',28,'00:30:00','2021-05-20 18:58:46'),(652,184,6,50,'1989-09-07 20:04:29',24,'00:30:00','2021-05-20 18:58:46'),(653,180,48,12,'1983-12-07 17:56:43',99,'01:50:00','2021-05-20 18:59:16'),(654,93,17,49,'2021-01-13 02:45:54',28,'00:30:00','2021-05-20 18:58:46'),(655,6,93,32,'1980-05-07 11:22:00',9,'00:18:00','2021-05-20 19:02:50'),(656,189,87,35,'1975-08-20 12:06:21',87,'01:50:00','2021-05-20 18:59:16'),(657,10,119,39,'1980-09-04 15:57:55',73,'01:50:00','2021-05-20 18:59:16'),(658,112,139,17,'2009-05-14 09:19:06',42,'00:45:00','2021-05-20 18:56:50'),(659,183,133,28,'1984-11-18 20:33:22',24,'00:30:00','2021-05-20 18:58:46'),(660,90,112,1,'1971-08-03 12:00:01',98,'01:50:00','2021-05-20 18:59:16'),(661,112,37,11,'1999-09-01 09:06:49',71,'01:50:00','2021-05-20 18:59:16'),(662,59,64,10,'1971-09-13 16:34:14',10,'00:45:00','2021-05-20 18:56:50'),(663,156,107,22,'2014-01-16 17:57:50',50,'00:45:00','2021-05-20 18:56:50'),(664,93,52,32,'1991-05-15 15:29:06',29,'00:30:00','2021-05-20 18:58:46'),(665,190,124,32,'2013-05-05 09:22:03',57,'00:45:00','2021-05-20 18:56:50'),(666,192,150,20,'2001-02-24 02:48:27',82,'01:50:00','2021-05-20 18:59:16'),(667,71,4,9,'2014-09-18 05:20:29',42,'00:45:00','2021-05-20 18:56:50'),(668,168,51,6,'1978-12-14 02:41:35',27,'00:30:00','2021-05-20 18:58:46'),(669,146,198,30,'1994-03-08 23:04:27',87,'01:50:00','2021-05-20 18:59:16'),(670,36,156,41,'1973-10-11 13:30:24',84,'01:50:00','2021-05-20 18:59:16'),(671,200,191,46,'2014-12-24 02:46:34',38,'00:23:00','2021-05-20 19:02:30'),(672,18,191,17,'1981-05-21 16:17:23',44,'00:45:00','2021-05-20 18:56:50'),(673,167,67,40,'1996-07-23 19:29:48',46,'00:45:00','2021-05-20 18:56:50'),(674,156,112,3,'2012-07-21 11:23:52',96,'01:50:00','2021-05-20 18:59:16'),(675,122,167,34,'2016-06-06 21:39:57',6,'00:45:00','2021-05-20 18:56:50'),(676,23,61,2,'2002-11-08 06:03:55',75,'01:50:00','2021-05-20 18:59:16'),(677,77,2,29,'2018-03-27 21:05:38',68,'01:50:00','2021-05-20 18:59:16'),(678,53,3,38,'1993-06-27 16:52:26',99,'01:50:00','2021-05-20 18:59:16'),(679,155,198,39,'1993-05-15 20:18:27',15,'00:45:00','2021-05-20 18:56:50'),(680,127,126,23,'1974-01-14 03:40:33',91,'01:50:00','2021-05-20 18:59:16'),(681,95,178,27,'2013-03-06 08:04:36',11,'00:45:00','2021-05-20 18:56:50'),(682,192,196,45,'1990-01-04 05:32:04',96,'01:50:00','2021-05-20 18:59:16'),(683,134,134,47,'1985-08-15 23:57:52',93,'01:50:00','2021-05-20 18:59:16'),(684,178,108,44,'2018-11-24 14:55:27',74,'01:50:00','2021-05-20 18:59:16'),(685,154,128,39,'1978-07-07 13:32:43',17,'00:45:00','2021-05-20 18:56:50'),(686,145,120,16,'1981-04-24 09:21:17',99,'01:50:00','2021-05-20 18:59:16'),(687,109,17,39,'1971-03-23 16:23:05',95,'01:50:00','2021-05-20 18:59:16'),(688,26,130,50,'2018-12-31 17:54:36',47,'00:45:00','2021-05-20 18:56:50'),(689,113,22,5,'1980-09-12 07:56:20',78,'01:50:00','2021-05-20 18:59:16'),(690,65,185,11,'1985-07-10 13:02:18',18,'00:45:00','2021-05-20 18:56:50'),(691,198,12,27,'1980-01-13 22:40:45',6,'00:45:00','2021-05-20 18:56:50'),(692,10,116,26,'1991-06-28 23:53:01',44,'00:45:00','2021-05-20 18:56:50'),(693,105,173,25,'1975-12-18 15:00:04',16,'00:45:00','2021-05-20 18:56:50'),(694,189,110,20,'1986-04-20 05:15:00',85,'01:50:00','2021-05-20 18:59:16'),(695,34,152,3,'1987-11-21 13:12:17',87,'01:50:00','2021-05-20 18:59:16'),(696,19,90,24,'2001-11-22 06:31:45',84,'01:50:00','2021-05-20 18:59:16'),(697,118,132,34,'2017-04-20 23:29:48',76,'01:50:00','2021-05-20 18:59:16'),(698,114,61,16,'2012-06-20 02:26:15',82,'01:50:00','2021-05-20 18:59:16'),(699,118,1,49,'1983-10-29 23:48:23',92,'01:50:00','2021-05-20 18:59:16'),(700,126,115,5,'2005-06-18 18:24:13',91,'01:50:00','2021-05-20 18:59:16'),(701,42,153,8,'1995-04-17 02:37:35',94,'01:50:00','2021-05-20 18:59:16'),(702,101,43,17,'2018-10-23 23:05:53',31,'00:23:00','2021-05-20 19:02:30'),(703,197,197,16,'2015-06-19 17:10:39',14,'00:34:10','2020-12-03 08:29:56'),(704,180,48,16,'1975-12-27 03:39:56',23,'00:30:00','2021-05-20 18:58:46'),(705,88,48,40,'2004-04-17 17:18:09',19,'00:45:00','2021-05-20 18:56:50'),(706,2,115,17,'1988-01-22 21:10:42',95,'01:50:00','2021-05-20 18:59:16'),(707,120,189,28,'2019-01-12 19:38:37',84,'01:50:00','2021-05-20 18:59:16'),(708,170,187,14,'2009-01-10 12:48:58',14,'00:45:00','2021-05-20 18:56:50'),(709,128,153,38,'1970-10-22 18:11:31',89,'01:50:00','2021-05-20 18:59:16'),(710,19,93,13,'2007-04-01 01:33:47',47,'00:45:00','2021-05-20 18:56:50'),(711,15,97,24,'2001-10-29 01:07:27',46,'00:45:00','2021-05-20 18:56:50'),(712,42,59,15,'2012-12-09 06:40:15',47,'00:45:00','2021-05-20 18:56:50'),(713,135,123,11,'1974-07-19 10:44:46',80,'01:50:00','2021-05-20 18:59:16'),(714,35,73,19,'1984-07-28 12:20:53',20,'00:45:00','2021-05-20 18:56:50'),(715,72,127,42,'1985-08-25 07:02:30',8,'00:18:00','2021-05-20 19:02:50'),(716,16,56,2,'1972-06-15 03:02:03',76,'01:50:00','2021-05-20 18:59:16'),(717,51,99,1,'1986-01-16 17:07:52',57,'00:45:00','2021-05-20 18:56:50'),(718,8,54,26,'1998-11-19 17:39:53',55,'00:45:00','2021-05-20 18:56:50'),(719,180,99,2,'1980-06-22 04:20:30',27,'00:30:00','2021-05-20 18:58:46'),(720,198,109,24,'2018-07-31 06:19:25',54,'00:45:00','2021-05-20 18:56:50'),(721,50,14,21,'2005-11-20 03:01:44',66,'01:50:00','2021-05-20 18:59:16'),(722,126,114,39,'2007-08-06 13:27:58',20,'00:45:00','2021-05-20 18:56:50'),(723,195,44,24,'2021-03-14 07:38:45',6,'00:45:00','2021-05-20 18:56:50'),(724,38,66,3,'1999-12-30 08:40:30',20,'00:45:00','2021-05-20 18:56:50'),(725,103,178,22,'2005-04-28 04:22:51',66,'01:50:00','2021-05-20 18:59:16'),(726,58,96,2,'1973-03-29 12:28:13',62,'01:50:00','2021-05-20 18:59:16'),(727,177,71,40,'1990-09-01 19:03:14',47,'00:45:00','2021-05-20 18:56:50'),(728,169,4,3,'1984-03-17 14:26:45',66,'01:50:00','2021-05-20 18:59:16'),(729,196,132,24,'2004-03-24 17:31:23',61,'01:50:00','2021-05-20 18:59:16'),(730,72,29,6,'2011-11-13 13:00:57',93,'01:50:00','2021-05-20 18:59:16'),(731,182,8,41,'1995-03-13 11:14:51',11,'00:45:00','2021-05-20 18:56:50'),(732,36,172,29,'2013-06-17 10:18:02',22,'00:30:00','2021-05-20 18:58:46'),(733,6,110,9,'1994-03-03 10:12:28',48,'00:45:00','2021-05-20 18:56:50'),(734,175,118,6,'2015-08-26 16:45:54',30,'00:30:00','2021-05-20 18:58:46'),(735,128,142,48,'1985-11-21 06:27:21',42,'00:45:00','2021-05-20 18:56:50'),(736,189,69,47,'1981-02-26 03:57:29',8,'00:18:00','2021-05-20 19:02:50'),(737,157,128,11,'1990-09-12 22:21:43',51,'00:45:00','2021-05-20 18:56:50'),(738,191,183,44,'1997-08-28 19:41:36',95,'01:50:00','2021-05-20 18:59:16'),(739,128,110,26,'2004-08-19 04:26:58',10,'00:45:00','2021-05-20 18:56:50'),(740,142,183,3,'2002-08-21 09:01:26',19,'00:45:00','2021-05-20 18:56:50'),(741,137,191,34,'1972-10-13 07:49:20',44,'00:45:00','2021-05-20 18:56:50'),(742,98,104,32,'1994-05-20 16:16:39',13,'00:45:00','2021-05-20 18:56:50'),(743,39,43,1,'2012-06-01 20:55:16',48,'00:45:00','2021-05-20 18:56:50'),(744,188,49,21,'1986-02-03 11:23:50',76,'01:50:00','2021-05-20 18:59:16'),(745,25,59,43,'1975-03-22 07:48:13',23,'00:30:00','2021-05-20 18:58:46'),(746,55,161,39,'2017-08-31 10:05:03',91,'01:50:00','2021-05-20 18:59:16'),(747,120,35,36,'1979-06-11 07:48:36',14,'00:45:00','2021-05-20 18:56:50'),(748,130,67,39,'1974-08-07 16:55:14',93,'01:50:00','2021-05-20 18:59:16'),(749,102,22,42,'1993-07-02 11:47:04',52,'00:45:00','2021-05-20 18:56:50'),(750,84,191,4,'1996-10-14 08:53:02',54,'00:45:00','2021-05-20 18:56:50'),(751,58,148,3,'1972-02-20 00:06:47',90,'01:50:00','2021-05-20 18:59:16'),(752,72,101,12,'2012-01-09 17:34:06',36,'00:23:00','2021-05-20 19:02:30'),(753,134,90,36,'2015-08-30 11:32:31',42,'00:45:00','2021-05-20 18:56:50'),(754,109,10,35,'2004-01-12 11:35:03',73,'01:50:00','2021-05-20 18:59:16'),(755,39,143,20,'1996-04-18 20:20:24',41,'00:45:00','2021-05-20 18:56:50'),(756,174,70,7,'2006-10-05 06:49:08',87,'01:50:00','2021-05-20 18:59:16'),(757,30,178,28,'1977-07-09 19:56:18',29,'00:30:00','2021-05-20 18:58:46'),(758,77,60,8,'1987-08-04 06:32:23',45,'00:45:00','2021-05-20 18:56:50'),(759,146,177,2,'1993-10-29 04:25:26',60,'00:45:00','2021-05-20 18:56:50'),(760,74,95,12,'1995-09-10 22:07:37',99,'01:50:00','2021-05-20 18:59:16'),(761,83,129,50,'2010-07-18 02:22:39',58,'00:45:00','2021-05-20 18:56:50'),(762,97,84,5,'2014-05-29 06:00:33',83,'01:50:00','2021-05-20 18:59:16'),(763,22,147,20,'1995-01-10 07:07:03',9,'00:18:00','2021-05-20 19:02:50'),(764,10,33,42,'1992-06-12 19:16:27',69,'01:50:00','2021-05-20 18:59:16'),(765,98,36,41,'1994-10-09 08:27:53',16,'00:45:00','2021-05-20 18:56:50'),(766,104,187,17,'1999-05-27 15:51:25',9,'00:18:00','2021-05-20 19:02:50'),(767,155,160,44,'2002-08-19 10:07:37',42,'00:45:00','2021-05-20 18:56:50'),(768,20,5,4,'1996-04-08 08:16:51',42,'00:45:00','2021-05-20 18:56:50'),(769,108,100,32,'1994-08-24 21:42:06',26,'00:30:00','2021-05-20 18:58:46'),(770,128,62,19,'1980-09-13 07:47:26',41,'00:45:00','2021-05-20 18:56:50'),(771,197,78,15,'1975-04-02 08:11:26',80,'01:50:00','2021-05-20 18:59:16'),(772,54,157,22,'1991-06-10 17:51:59',23,'00:30:00','2021-05-20 18:58:46'),(773,152,88,16,'1991-12-20 23:45:47',72,'01:50:00','2021-05-20 18:59:16'),(774,29,146,23,'2008-05-11 00:51:13',46,'00:45:00','2021-05-20 18:56:50'),(775,199,183,1,'2011-12-12 21:49:19',23,'00:30:00','2021-05-20 18:58:46'),(776,90,183,30,'1996-02-26 13:20:47',63,'01:50:00','2021-05-20 18:59:16'),(777,143,42,18,'2021-05-10 20:47:23',86,'01:50:00','2021-05-20 18:59:16'),(778,27,93,33,'2016-04-26 22:34:11',94,'01:50:00','2021-05-20 18:59:16'),(779,118,149,7,'1975-04-19 03:05:43',67,'01:50:00','2021-05-20 18:59:16'),(780,41,199,28,'2014-11-17 23:47:29',30,'00:30:00','2021-05-20 18:58:46'),(781,78,186,39,'1979-08-18 07:07:21',87,'01:50:00','2021-05-20 18:59:16'),(782,155,136,39,'2010-06-11 20:21:04',38,'00:23:00','2021-05-20 19:02:30'),(783,80,36,18,'1998-10-22 18:12:51',59,'00:45:00','2021-05-20 18:56:50'),(784,144,19,46,'2013-01-15 18:09:09',61,'01:50:00','2021-05-20 18:59:16'),(785,90,67,12,'2011-06-13 12:27:56',7,'00:18:00','2021-05-20 19:02:50'),(786,50,81,14,'1982-01-23 02:39:38',65,'01:50:00','2021-05-20 18:59:16'),(787,75,185,26,'2001-04-26 11:35:53',93,'01:50:00','2021-05-20 18:59:16'),(788,65,186,21,'1976-06-30 20:24:11',83,'01:50:00','2021-05-20 18:59:16'),(789,109,14,5,'2009-04-11 01:43:26',58,'00:45:00','2021-05-20 18:56:50'),(790,50,78,34,'1990-12-13 08:52:58',70,'01:50:00','2021-05-20 18:59:16'),(791,33,62,17,'1992-05-25 23:19:32',43,'00:45:00','2021-05-20 18:56:50'),(792,133,193,8,'2004-03-17 14:44:06',77,'01:50:00','2021-05-20 18:59:16'),(793,62,72,24,'2012-12-10 13:16:30',64,'01:50:00','2021-05-20 18:59:16'),(794,3,92,43,'1988-04-07 09:28:47',59,'00:45:00','2021-05-20 18:56:50'),(795,62,158,37,'2005-01-07 10:59:27',90,'01:50:00','2021-05-20 18:59:16'),(796,28,194,16,'1997-06-08 10:10:56',58,'00:45:00','2021-05-20 18:56:50'),(797,134,138,41,'1995-01-10 19:01:32',56,'00:45:00','2021-05-20 18:56:50'),(798,105,63,38,'2018-01-09 21:29:21',16,'00:45:00','2021-05-20 18:56:50'),(799,61,2,28,'1994-10-21 13:33:52',47,'00:45:00','2021-05-20 18:56:50'),(800,199,192,32,'2010-11-13 16:21:33',54,'00:45:00','2021-05-20 18:56:50'),(801,174,134,9,'2015-11-15 10:43:16',57,'00:45:00','2021-05-20 18:56:50'),(802,26,63,16,'1996-04-24 14:29:12',76,'01:50:00','2021-05-20 18:59:16'),(803,129,51,46,'2019-11-26 16:34:16',96,'01:50:00','2021-05-20 18:59:16'),(804,27,12,27,'1991-04-17 14:32:13',35,'00:23:00','2021-05-20 19:02:30'),(805,12,44,7,'1974-09-01 02:15:21',38,'00:23:00','2021-05-20 19:02:30'),(806,28,54,33,'1995-10-24 02:32:49',20,'00:45:00','2021-05-20 18:56:50'),(807,88,171,43,'1990-03-07 22:52:28',97,'01:50:00','2021-05-20 18:59:16'),(808,42,7,46,'2021-02-13 06:23:16',94,'01:50:00','2021-05-20 18:59:16'),(809,28,82,25,'1982-09-24 19:07:58',27,'00:30:00','2021-05-20 18:58:46'),(810,164,121,41,'2009-08-13 13:30:59',84,'01:50:00','2021-05-20 18:59:16'),(811,173,64,35,'1992-10-22 08:34:48',94,'01:50:00','2021-05-20 18:59:16'),(812,181,78,43,'1982-06-06 03:55:16',26,'00:30:00','2021-05-20 18:58:46'),(813,22,142,3,'1995-04-05 18:26:03',12,'00:45:00','2021-05-20 18:56:50'),(814,51,191,48,'2003-02-27 20:36:39',11,'00:45:00','2021-05-20 18:56:50'),(815,200,19,2,'2008-05-27 16:19:12',61,'01:50:00','2021-05-20 18:59:16'),(816,97,36,46,'2006-01-08 05:18:30',55,'00:45:00','2021-05-20 18:56:50'),(817,79,158,8,'1976-08-31 11:15:35',36,'00:23:00','2021-05-20 19:02:30'),(818,126,145,15,'1989-08-26 20:39:30',52,'00:45:00','2021-05-20 18:56:50'),(819,168,135,1,'1991-09-25 07:52:27',31,'00:23:00','2021-05-20 19:02:30'),(820,69,159,23,'2013-12-06 23:34:59',97,'01:50:00','2021-05-20 18:59:16'),(821,159,20,6,'2016-02-07 07:37:36',23,'00:30:00','2021-05-20 18:58:46'),(822,199,164,7,'2015-06-29 21:14:48',16,'00:45:00','2021-05-20 18:56:50'),(823,164,188,18,'1982-03-31 04:35:46',93,'01:50:00','2021-05-20 18:59:16'),(824,58,103,2,'2021-01-22 13:54:55',34,'00:23:00','2021-05-20 19:02:30'),(825,45,50,29,'1996-06-25 00:49:41',25,'00:30:00','2021-05-20 18:58:46'),(826,173,169,17,'1974-02-23 08:30:04',54,'00:45:00','2021-05-20 18:56:50'),(827,127,32,42,'1998-09-09 16:59:59',98,'01:50:00','2021-05-20 18:59:16'),(828,102,79,24,'1995-09-18 14:58:22',52,'00:45:00','2021-05-20 18:56:50'),(829,188,71,39,'1998-11-17 10:47:26',55,'00:45:00','2021-05-20 18:56:50'),(830,116,130,48,'1994-09-24 16:58:11',62,'01:50:00','2021-05-20 18:59:16'),(831,31,157,18,'1982-10-08 06:34:08',10,'00:45:00','2021-05-20 18:56:50'),(832,87,170,38,'2007-03-24 20:00:36',41,'00:45:00','2021-05-20 18:56:50'),(833,49,183,4,'2005-03-23 02:20:14',11,'00:57:46','1996-01-05 14:07:10'),(834,98,67,25,'2002-09-12 08:20:08',99,'01:50:00','2021-05-20 18:59:16'),(835,166,7,19,'2012-12-15 01:42:21',35,'00:23:00','2021-05-20 19:02:30'),(836,158,96,34,'1981-08-15 13:44:53',45,'00:45:00','2021-05-20 18:56:50'),(837,165,200,41,'1978-11-01 05:48:06',59,'00:43:00','1987-11-07 06:10:58'),(838,22,106,36,'1973-10-05 02:57:35',94,'01:50:00','2021-05-20 18:59:16'),(839,164,84,14,'1991-09-04 14:41:59',15,'00:45:00','2021-05-20 18:56:50'),(840,169,24,31,'1991-08-22 22:51:00',18,'00:45:00','2021-05-20 18:56:50'),(841,102,106,17,'2011-12-21 23:00:57',71,'01:50:00','2021-05-20 18:59:16'),(842,151,1,11,'2017-04-27 03:55:09',100,'00:45:00','2021-05-20 18:56:50'),(843,40,83,1,'1975-11-13 11:49:00',92,'01:50:00','2021-05-20 18:59:16'),(844,125,133,26,'2013-09-14 14:02:48',49,'00:45:00','2021-05-20 18:56:50'),(845,16,143,17,'1979-02-18 22:26:54',21,'00:30:00','2021-05-20 18:58:46'),(846,105,172,45,'2011-08-03 07:28:18',93,'01:50:00','2021-05-20 18:59:16'),(847,176,83,5,'1993-11-18 18:36:46',46,'00:45:00','2021-05-20 18:56:50'),(848,109,107,18,'1989-06-22 17:58:08',85,'01:50:00','2021-05-20 18:59:16'),(849,51,106,25,'2012-10-16 18:34:44',88,'01:50:00','2021-05-20 18:59:16'),(850,46,65,15,'2012-05-20 23:48:06',13,'00:45:00','2021-05-20 18:56:50'),(851,182,171,44,'2013-08-29 12:55:09',31,'00:23:00','2021-05-20 19:02:30'),(852,18,195,42,'2017-08-09 11:42:44',33,'00:23:00','2021-05-20 19:02:30'),(853,189,105,14,'1973-12-30 14:40:43',66,'01:50:00','2021-05-20 18:59:16'),(854,44,132,49,'1983-11-23 09:11:06',14,'00:45:00','2021-05-20 18:56:50'),(855,11,199,29,'2004-05-20 07:57:46',12,'00:45:00','2021-05-20 18:56:50'),(856,43,197,46,'2005-12-30 03:31:30',20,'00:45:00','2021-05-20 18:56:50'),(857,160,64,1,'1981-08-13 08:12:28',24,'00:30:00','2021-05-20 18:58:46'),(858,184,151,12,'1989-02-22 18:20:04',30,'00:30:00','2021-05-20 18:58:46'),(859,172,148,39,'1992-09-12 03:45:40',72,'01:50:00','2021-05-20 18:59:16'),(860,157,68,20,'1984-07-22 11:26:30',59,'00:45:00','2021-05-20 18:56:50'),(861,47,163,27,'2000-07-25 03:26:19',12,'00:45:00','2021-05-20 18:56:50'),(862,159,152,44,'2010-06-24 15:07:07',9,'00:18:00','2021-05-20 19:02:50'),(863,15,145,47,'1984-04-13 04:39:39',11,'00:45:00','2021-05-20 18:56:50'),(864,37,96,34,'1973-02-12 19:43:04',31,'00:23:00','2021-05-20 19:02:30'),(865,63,118,19,'1999-08-01 05:40:10',66,'01:50:00','2021-05-20 18:59:16'),(866,36,5,8,'2009-07-08 10:44:40',64,'01:50:00','2021-05-20 18:59:16'),(867,158,119,25,'2006-09-28 18:20:57',21,'00:30:00','2021-05-20 18:58:46'),(868,144,32,13,'2010-07-14 20:17:24',15,'00:45:00','2021-05-20 18:56:50'),(869,177,152,41,'1986-06-04 21:36:06',60,'00:45:00','2021-05-20 18:56:50'),(870,171,90,47,'1978-05-18 15:40:25',27,'00:30:00','2021-05-20 18:58:46'),(871,41,141,19,'1976-04-10 03:01:06',65,'01:50:00','2021-05-20 18:59:16'),(872,49,33,9,'2010-11-20 08:51:43',74,'01:50:00','2021-05-20 18:59:16'),(873,27,149,5,'1982-10-06 20:10:08',96,'01:50:00','2021-05-20 18:59:16'),(874,58,192,25,'1971-03-16 22:01:57',7,'00:18:00','2021-05-20 19:02:50'),(875,161,47,29,'1986-03-13 23:50:24',71,'01:50:00','2021-05-20 18:59:16'),(876,65,180,26,'2019-01-22 06:51:44',89,'01:50:00','2021-05-20 18:59:16'),(877,73,197,1,'1994-07-30 16:26:49',48,'00:45:00','2021-05-20 18:56:50'),(878,52,126,18,'1976-05-02 04:21:24',99,'01:50:00','2021-05-20 18:59:16'),(879,103,128,5,'1972-07-23 10:30:04',68,'01:50:00','2021-05-20 18:59:16'),(880,91,166,20,'1994-07-08 08:42:18',35,'00:23:00','2021-05-20 19:02:30'),(881,164,178,8,'2007-04-21 15:36:30',81,'01:50:00','2021-05-20 18:59:16'),(882,152,137,25,'1992-01-31 13:38:26',55,'00:45:00','2021-05-20 18:56:50'),(883,114,78,21,'1998-07-05 02:59:26',38,'00:23:00','2021-05-20 19:02:30'),(884,108,186,6,'2004-05-12 15:14:49',66,'01:50:00','2021-05-20 18:59:16'),(885,189,7,17,'2017-08-27 14:53:25',35,'00:23:00','2021-05-20 19:02:30'),(886,158,124,18,'2016-04-04 03:18:56',98,'01:50:00','2021-05-20 18:59:16'),(887,116,34,38,'2008-04-14 10:46:06',21,'00:30:00','2021-05-20 18:58:46'),(888,190,124,40,'1981-05-27 23:18:46',73,'01:50:00','2021-05-20 18:59:16'),(889,167,85,46,'1981-11-03 22:58:58',56,'00:45:00','2021-05-20 18:56:50'),(890,159,155,23,'2006-03-13 12:00:20',23,'00:30:00','2021-05-20 18:58:46'),(891,94,100,9,'1973-11-04 22:33:42',87,'01:50:00','2021-05-20 18:59:16'),(892,194,39,21,'2021-05-11 12:36:37',15,'00:45:00','2021-05-20 18:56:50'),(893,27,194,16,'1975-05-07 16:02:30',60,'00:45:00','2021-05-20 18:56:50'),(894,193,189,23,'1988-07-08 17:15:54',8,'00:18:00','2021-05-20 19:02:50'),(895,119,188,29,'1986-08-21 11:42:54',86,'01:50:00','2021-05-20 18:59:16'),(896,50,147,40,'1973-11-12 20:46:48',24,'00:30:00','2021-05-20 18:58:46'),(897,157,49,31,'1997-05-15 20:00:27',6,'00:45:00','2021-05-20 18:56:50'),(898,41,103,50,'1986-05-08 08:07:50',57,'00:45:00','2021-05-20 18:56:50'),(899,92,137,18,'2004-03-13 01:36:20',17,'00:45:00','2021-05-20 18:56:50'),(900,34,134,6,'1998-03-23 10:49:43',98,'01:50:00','2021-05-20 18:59:16'),(901,104,191,8,'1997-02-15 15:11:35',26,'00:30:00','2021-05-20 18:58:46'),(902,100,13,41,'1971-09-07 08:36:55',89,'01:50:00','2021-05-20 18:59:16'),(903,134,85,2,'2013-06-20 06:53:24',37,'00:23:00','2021-05-20 19:02:30'),(904,186,56,27,'1999-05-15 03:33:52',76,'01:50:00','2021-05-20 18:59:16'),(905,34,21,42,'1974-05-14 21:45:25',62,'01:50:00','2021-05-20 18:59:16'),(906,32,49,31,'1972-11-23 18:06:39',86,'01:50:00','2021-05-20 18:59:16'),(907,6,48,9,'2018-04-05 20:27:50',67,'01:50:00','2021-05-20 18:59:16'),(908,4,53,2,'1979-03-15 19:59:34',77,'01:50:00','2021-05-20 18:59:16'),(909,28,153,27,'2008-11-12 01:21:43',12,'00:45:00','2021-05-20 18:56:50'),(910,186,186,46,'2018-09-11 20:48:48',47,'00:45:00','2021-05-20 18:56:50'),(911,135,85,16,'2007-11-30 00:21:08',77,'01:50:00','2021-05-20 18:59:16'),(912,122,12,14,'2009-09-19 12:45:22',55,'00:45:00','2021-05-20 18:56:50'),(913,57,171,15,'1996-03-08 20:38:44',28,'00:30:00','2021-05-20 18:58:46'),(914,139,157,38,'1998-11-11 05:27:48',40,'00:45:00','2021-05-20 18:56:50'),(915,47,75,34,'1982-08-14 00:24:09',20,'00:45:00','2021-05-20 18:56:50'),(916,111,165,37,'1983-08-05 23:15:03',92,'01:50:00','2021-05-20 18:59:16'),(917,117,127,39,'2002-07-25 15:40:00',28,'00:30:00','2021-05-20 18:58:46'),(918,98,5,9,'1991-06-14 13:16:28',86,'01:50:00','2021-05-20 18:59:16'),(919,150,185,37,'2000-11-06 16:20:40',78,'01:50:00','2021-05-20 18:59:16'),(920,47,156,2,'2014-12-23 19:04:08',66,'01:50:00','2021-05-20 18:59:16'),(921,77,100,9,'2018-09-02 20:45:44',13,'00:45:00','2021-05-20 18:56:50'),(922,76,3,28,'2013-12-19 00:08:32',39,'00:23:00','2021-05-20 19:02:30'),(923,25,90,21,'1985-12-11 12:32:31',10,'00:45:00','2021-05-20 18:56:50'),(924,190,133,20,'1979-03-10 16:36:06',29,'00:30:00','2021-05-20 18:58:46'),(925,156,35,16,'2005-01-11 18:44:28',15,'00:45:00','2021-05-20 18:56:50'),(926,138,169,21,'1978-10-10 15:44:49',60,'00:45:00','2021-05-20 18:56:50'),(927,123,43,5,'2021-01-01 02:35:32',100,'00:45:00','2021-05-20 18:56:50'),(928,63,13,26,'2004-07-28 01:25:18',22,'00:30:00','2021-05-20 18:58:46'),(929,81,88,36,'2015-04-06 09:52:06',21,'00:30:00','2021-05-20 18:58:46'),(930,104,131,35,'2002-10-19 22:14:25',93,'01:50:00','2021-05-20 18:59:16'),(931,144,90,41,'2000-06-13 01:23:13',53,'00:45:00','2021-05-20 18:56:50'),(932,154,60,15,'1986-04-22 02:01:28',48,'00:45:00','2021-05-20 18:56:50'),(933,64,44,4,'2007-11-30 22:31:38',79,'01:50:00','2021-05-20 18:59:16'),(934,19,47,18,'1977-02-10 17:14:05',93,'01:50:00','2021-05-20 18:59:16'),(935,131,86,8,'1998-04-02 20:34:46',26,'00:30:00','2021-05-20 18:58:46'),(936,167,138,16,'2016-12-24 06:31:20',75,'01:50:00','2021-05-20 18:59:16'),(937,123,174,50,'1976-06-21 06:49:06',36,'00:23:00','2021-05-20 19:02:30'),(938,86,197,47,'2015-07-09 19:27:10',46,'00:45:00','2021-05-20 18:56:50'),(939,61,197,29,'2021-03-26 08:27:50',99,'01:50:00','2021-05-20 18:59:16'),(940,8,76,6,'1978-03-21 23:50:16',40,'00:45:00','2021-05-20 18:56:50'),(941,165,150,8,'2017-03-28 10:36:17',45,'00:45:00','2021-05-20 18:56:50'),(942,75,80,18,'2017-12-23 15:45:04',78,'01:50:00','2021-05-20 18:59:16'),(943,110,122,2,'2001-10-28 09:58:56',99,'01:50:00','2021-05-20 18:59:16'),(944,145,73,33,'1987-03-23 02:03:05',60,'00:45:00','2021-05-20 18:56:50'),(945,167,103,40,'2018-04-26 16:32:55',18,'00:45:00','2021-05-20 18:56:50'),(946,17,147,16,'1999-12-26 17:24:26',48,'00:45:00','2021-05-20 18:56:50'),(947,82,66,14,'1977-02-10 09:26:40',64,'01:50:00','2021-05-20 18:59:16'),(948,76,131,43,'1978-06-09 10:29:06',18,'00:45:00','2021-05-20 18:56:50'),(949,156,120,35,'1985-10-02 22:29:26',48,'00:45:00','2021-05-20 18:56:50'),(950,69,40,42,'1974-12-14 21:58:50',63,'01:50:00','2021-05-20 18:59:16'),(951,138,188,50,'1977-05-01 16:07:18',10,'00:46:48','1996-12-09 10:45:32'),(952,146,55,26,'1970-09-09 16:07:43',31,'00:23:00','2021-05-20 19:02:30'),(953,65,177,42,'2015-07-08 06:04:30',30,'00:30:00','2021-05-20 18:58:46'),(954,115,164,5,'2018-04-04 20:39:19',87,'01:50:00','2021-05-20 18:59:16'),(955,131,18,22,'1973-08-30 23:31:43',78,'01:50:00','2021-05-20 18:59:16'),(956,35,78,37,'1988-07-22 02:19:45',83,'01:50:00','2021-05-20 18:59:16'),(957,150,20,36,'1971-08-13 21:27:20',52,'00:45:00','2021-05-20 18:56:50'),(958,79,86,18,'2002-09-10 10:26:00',81,'01:50:00','2021-05-20 18:59:16'),(959,24,135,15,'1975-12-26 02:51:53',33,'00:23:00','2021-05-20 19:02:30'),(960,166,50,15,'1976-01-08 19:03:45',27,'00:30:00','2021-05-20 18:58:46'),(961,145,66,21,'2016-08-12 15:33:10',49,'00:45:00','2021-05-20 18:56:50'),(962,63,164,38,'2015-03-18 16:57:28',45,'00:45:00','2021-05-20 18:56:50'),(963,128,175,25,'1983-03-15 11:33:09',12,'00:45:00','2021-05-20 18:56:50'),(964,189,110,15,'1995-09-15 20:56:11',70,'01:50:00','2021-05-20 18:59:16'),(965,24,6,45,'1995-08-11 00:28:20',35,'00:23:00','2021-05-20 19:02:30'),(966,71,12,40,'2013-01-06 22:25:58',77,'01:50:00','2021-05-20 18:59:16'),(967,72,160,26,'1977-04-07 16:19:48',25,'00:30:00','2021-05-20 18:58:46'),(968,29,3,28,'1975-05-07 00:45:22',76,'01:50:00','2021-05-20 18:59:16'),(969,124,91,18,'1970-10-01 06:51:21',17,'00:45:00','2021-05-20 18:56:50'),(970,36,25,39,'1972-03-27 23:21:14',21,'00:30:00','2021-05-20 18:58:46'),(971,10,104,12,'1973-09-30 16:15:18',6,'00:45:00','2021-05-20 18:56:50'),(972,59,1,12,'1978-11-17 06:54:26',17,'00:45:00','2021-05-20 18:56:50'),(973,130,72,15,'1987-10-24 01:31:04',7,'00:18:00','2021-05-20 19:02:50'),(974,148,133,42,'2013-09-10 16:23:52',90,'01:50:00','2021-05-20 18:59:16'),(975,125,2,46,'2008-04-03 04:40:42',63,'01:50:00','2021-05-20 18:59:16'),(976,170,12,18,'2018-12-07 17:49:37',52,'00:45:00','2021-05-20 18:56:50'),(977,148,14,24,'2004-11-08 20:29:28',17,'00:45:00','2021-05-20 18:56:50'),(978,56,151,4,'1992-10-15 02:32:10',50,'00:45:00','2021-05-20 18:56:50'),(979,183,61,49,'1977-06-04 03:16:22',14,'00:45:00','2021-05-20 18:56:50'),(980,155,69,16,'2001-02-10 10:00:25',59,'00:45:00','2021-05-20 18:56:50'),(981,176,160,33,'1974-08-28 01:20:18',83,'01:50:00','2021-05-20 18:59:16'),(982,38,114,6,'1974-12-16 12:13:59',80,'01:50:00','2021-05-20 18:59:16'),(983,36,183,21,'2004-12-08 14:35:40',33,'00:23:00','2021-05-20 19:02:30'),(984,154,16,48,'2001-09-30 05:23:22',93,'01:50:00','2021-05-20 18:59:16'),(985,142,35,17,'2000-03-27 20:56:47',78,'01:50:00','2021-05-20 18:59:16'),(986,53,61,42,'1978-05-07 22:55:30',77,'01:50:00','2021-05-20 18:59:16'),(987,45,85,45,'1995-06-21 01:11:14',54,'00:45:00','2021-05-20 18:56:50'),(988,70,152,31,'1979-03-31 16:01:17',72,'01:50:00','2021-05-20 18:59:16'),(989,34,107,19,'1995-01-09 14:10:21',68,'01:50:00','2021-05-20 18:59:16'),(990,117,197,15,'1979-09-14 08:09:08',75,'01:50:00','2021-05-20 18:59:16'),(991,90,113,9,'2019-11-15 13:34:04',18,'00:45:00','2021-05-20 18:56:50'),(992,132,154,23,'1988-03-25 08:07:55',52,'00:45:00','2021-05-20 18:56:50'),(993,144,51,36,'1988-01-15 18:04:13',89,'01:50:00','2021-05-20 18:59:16'),(994,193,137,23,'2000-06-10 01:25:00',31,'00:23:00','2021-05-20 19:02:30'),(995,110,4,4,'2009-04-07 00:37:22',38,'00:23:00','2021-05-20 19:02:30'),(996,128,139,39,'2015-10-02 08:09:12',24,'00:30:00','2021-05-20 18:58:46'),(997,198,65,4,'1998-02-21 05:27:55',58,'00:45:00','2021-05-20 18:56:50'),(998,143,134,11,'2007-09-12 11:15:19',50,'00:16:26','1973-09-05 05:38:43'),(999,105,28,25,'1983-11-24 01:12:10',62,'01:50:00','2021-05-20 18:59:16'),(1000,115,138,13,'2016-01-23 23:35:14',26,'00:30:00','2021-05-20 18:58:46');
/*!40000 ALTER TABLE `log_book` ENABLE KEYS */;
UNLOCK TABLES;

--
-- Temporary view structure for view `log_book_user`
--

DROP TABLE IF EXISTS `log_book_user`;
/*!50001 DROP VIEW IF EXISTS `log_book_user`*/;
SET @saved_cs_client     = @@character_set_client;
/*!50503 SET character_set_client = utf8mb4 */;
/*!50001 CREATE VIEW `log_book_user` AS SELECT 
 1 AS `Дата погружения`,
 1 AS `Дайвер`,
 1 AS `Напарник`,
 1 AS `Дайв-сайт`,
 1 AS `Глубина погружения`,
 1 AS `Длительность погружения`*/;
SET character_set_client = @saved_cs_client;

--
-- Table structure for table `members`
--

DROP TABLE IF EXISTS `members`;
/*!40101 SET @saved_cs_client     = @@character_set_client */;
/*!50503 SET character_set_client = utf8mb4 */;
CREATE TABLE `members` (
  `id` int unsigned NOT NULL AUTO_INCREMENT COMMENT 'Идентификатор члена клуба',
  `first_name` varchar(255) COLLATE utf8mb4_unicode_ci NOT NULL COMMENT 'Имя члена клуба',
  `last_name` varchar(255) COLLATE utf8mb4_unicode_ci NOT NULL COMMENT 'Фамилия члена клуба',
  `email` varchar(255) COLLATE utf8mb4_unicode_ci NOT NULL COMMENT 'E-mail адресс',
  `phone` varchar(255) COLLATE utf8mb4_unicode_ci NOT NULL COMMENT 'Телефон пользователя',
  `created_at` datetime NOT NULL DEFAULT CURRENT_TIMESTAMP COMMENT 'Время создания учетной записи',
  `updated_at` datetime NOT NULL DEFAULT CURRENT_TIMESTAMP ON UPDATE CURRENT_TIMESTAMP COMMENT 'Время обновления учетной записи',
  PRIMARY KEY (`id`),
  UNIQUE KEY `email` (`email`),
  UNIQUE KEY `phone` (`phone`)
) ENGINE=InnoDB AUTO_INCREMENT=202 DEFAULT CHARSET=utf8mb4 COLLATE=utf8mb4_unicode_ci COMMENT='Члены клуба';
/*!40101 SET character_set_client = @saved_cs_client */;

--
-- Dumping data for table `members`
--

LOCK TABLES `members` WRITE;
/*!40000 ALTER TABLE `members` DISABLE KEYS */;
INSERT INTO `members` VALUES (1,'Mylene','Ernser','roob.ruben@example.net','05091798268','1997-12-11 06:09:43','1991-02-20 04:54:35'),(2,'Tyler','Greenfelder','o\'connell.yasmin@example.org','02897356990','1989-08-21 18:03:58','1997-12-06 23:17:54'),(3,'Tanya','Ernser','jairo50@example.org','(312)640-1861x99032','1992-09-01 03:25:39','2003-10-29 03:10:25'),(4,'Trisha','Langosh','ireynolds@example.org','(294)142-2911','1994-01-30 12:50:58','1972-02-28 12:19:15'),(5,'Abigayle','Berge','kris.sigmund@example.com','1-710-593-0891x935','1981-03-02 10:02:35','2019-01-06 15:38:27'),(6,'Alva','Runte','leonard43@example.com','1-445-758-4889x18419','1971-05-11 12:00:55','2002-05-22 19:56:36'),(7,'Gabriella','Dibbert','rosenbaum.turner@example.org','1-191-493-2281x4897','1972-06-28 06:48:34','1990-08-15 00:54:00'),(8,'Dan','Zieme','georgette44@example.net','+24(3)2036014072','2017-11-22 08:34:46','2004-05-22 00:42:35'),(9,'Tatyana','Rau','rosanna88@example.org','690.019.7978','1994-03-07 10:06:47','1981-07-06 22:43:42'),(10,'Janae','Haag','consuelo61@example.net','772-308-8669','2013-06-22 10:21:33','2009-11-04 16:10:38'),(11,'Abraham','Schultz','carleton.walter@example.com','01307220822','2021-04-11 05:36:36','1996-04-29 03:22:03'),(12,'Elmo','Feest','hhegmann@example.net','327.510.5344x03613','1987-08-06 17:57:47','2019-11-08 12:29:26'),(13,'Buck','Hilpert','garth82@example.org','1-447-723-7889x1911','1993-10-27 10:55:56','1996-07-24 11:24:50'),(14,'Gunnar','Schulist','ccole@example.com','01906174227','1973-10-04 11:24:58','1996-04-07 15:52:43'),(15,'Harry','Hilpert','ubreitenberg@example.net','108-859-4243x1092','1975-07-06 16:23:10','1999-01-23 09:04:14'),(16,'Philip','Hirthe','zion15@example.com','+36(4)3626970967','1995-04-29 02:45:09','2000-01-25 19:56:39'),(17,'Oran','Rosenbaum','esta.leannon@example.com','978-040-1620','2009-11-08 19:40:06','1978-10-29 13:53:46'),(18,'Nayeli','Mosciski','larissa12@example.net','(935)841-5085x3489','1978-11-25 12:23:44','2005-06-01 14:11:31'),(19,'Dennis','Krajcik','bennie.boehm@example.net','(539)991-9843x8785','1990-11-24 09:38:33','2007-06-13 18:21:04'),(20,'Thora','Kihn','cartwright.irwin@example.com','713-873-2325x1720','1999-01-08 00:06:40','1975-07-18 20:23:21'),(21,'Isaias','King','larissa.lakin@example.com','(723)106-7005x1197','1977-06-11 01:18:49','1993-08-15 13:07:32'),(22,'Narciso','Kilback','farrell.adela@example.net','822-877-9440','2000-01-02 04:11:37','1991-12-16 12:57:27'),(23,'Fanny','Steuber','amann@example.net','114-442-2422x867','2019-10-10 06:35:17','1989-09-05 11:59:06'),(24,'Marley','Kuhic','wisozk.blanche@example.com','1-915-180-4925x8888','2008-11-17 08:08:39','1989-04-05 14:39:34'),(25,'Obie','Cruickshank','jackeline.rau@example.net','(243)822-7281x245','2011-06-01 03:38:49','1997-11-15 07:33:55'),(26,'Enola','Mosciski','stan61@example.com','204.196.8305','1986-08-05 08:28:42','1997-02-19 23:37:21'),(27,'Aubree','Senger','wflatley@example.org','833-019-9567x2373','1982-05-18 07:18:47','1979-07-17 11:08:24'),(28,'Xzavier','Zulauf','dicki.fiona@example.net','1-376-952-4821x966','2001-07-19 21:54:24','2016-03-19 09:48:34'),(29,'Malika','Daniel','lorena72@example.org','(663)451-6911','1979-09-15 01:40:03','2006-10-30 15:48:39'),(30,'Humberto','Keebler','alessandro.schumm@example.com','+34(0)0907091882','2009-08-08 23:40:37','1974-09-28 17:36:15'),(31,'Noemy','Volkman','jed02@example.com','(271)364-9624','1970-11-21 12:58:26','1994-01-23 02:56:32'),(32,'Camylle','Beatty','amelia97@example.org','08326306933','1973-04-23 23:47:20','1995-11-22 07:39:31'),(33,'Shyann','Wiza','bruen.moses@example.net','02187854213','2020-11-22 02:16:47','1984-08-03 10:08:50'),(34,'Owen','Schinner','jeff18@example.org','04824124229','2002-11-19 00:10:35','1974-07-04 12:14:22'),(35,'Felix','McLaughlin','zemlak.adrien@example.com','485.339.0539','1987-05-24 02:47:52','1970-11-08 12:45:22'),(36,'Katarina','Haag','floyd27@example.org','06783560298','2011-11-17 10:57:41','2010-02-07 02:16:03'),(37,'Reanna','Fahey','auer.jamel@example.com','014-550-6547x510','1982-03-08 09:32:04','1990-01-07 21:54:04'),(38,'Adelia','Herzog','ratke.akeem@example.org','409-100-3822x9024','1980-08-18 13:39:52','1976-12-29 21:07:46'),(39,'Anna','Powlowski','alessia.breitenberg@example.com','1-737-352-4949','1980-08-06 17:10:05','2007-11-21 06:27:48'),(40,'Garett','Nikolaus','lily.langworth@example.net','+51(5)3863522822','2005-11-06 11:51:04','1970-10-21 01:23:51'),(41,'Aron','Schumm','kyler.larkin@example.net','313.540.1090x6607','1983-06-20 08:48:42','1999-07-02 02:43:07'),(42,'Janet','Hamill','strosin.grayce@example.net','02021733428','2011-07-12 03:32:51','1983-12-12 04:02:25'),(43,'Kristofer','Kohler','toni.green@example.com','1-012-836-0608','2019-12-17 21:31:40','2008-09-15 21:46:07'),(44,'Sim','Miller','hstoltenberg@example.org','08317397457','2017-08-12 17:52:19','2012-07-27 07:18:10'),(45,'Aurelia','Jacobson','ikilback@example.net','1-365-875-9495','1987-04-06 01:18:55','2000-03-29 01:58:51'),(46,'Amely','Torphy','general.heaney@example.net','1-867-908-2984x91999','1986-06-20 00:46:35','1999-02-28 05:36:26'),(47,'Ardella','Flatley','vesta46@example.net','(534)189-0512x511','1993-10-28 03:54:40','2019-02-19 09:40:11'),(48,'Louie','Corwin','ubraun@example.com','(710)668-0008x5588','2001-02-27 02:19:20','1976-04-28 12:17:44'),(49,'Sierra','Terry','eschuster@example.org','(388)198-4040x978','2002-09-07 10:56:26','1972-06-27 17:33:31'),(50,'Aryanna','Hodkiewicz','jweber@example.com','590.422.3583x79185','1985-10-27 15:33:48','1988-08-26 13:47:39'),(51,'Bailey','Yundt','fsanford@example.net','(278)606-5277','2000-12-24 17:52:45','1977-07-07 13:56:50'),(52,'Easter','Donnelly','alanna.baumbach@example.org','1-703-449-1245x2511','1982-10-04 07:55:20','1992-01-21 08:36:55'),(53,'Fernando','Schumm','icarter@example.com','(504)204-3433','1991-06-12 04:02:21','2008-02-03 10:30:34'),(54,'Veda','Conroy','schneider.verda@example.com','+90(9)0001315554','1978-10-16 15:54:38','1980-07-11 02:11:20'),(55,'Maye','Braun','edyth.rohan@example.com','1-050-144-8638','1992-11-21 16:43:35','2013-03-26 20:10:17'),(56,'Nelle','VonRueden','marcellus89@example.com','+81(6)8782373624','2004-08-18 03:48:22','2011-02-05 03:38:05'),(57,'Guillermo','Effertz','verona04@example.com','(055)119-8285','2017-02-15 23:21:41','1991-06-24 10:31:46'),(58,'Karlie','Welch','hegmann.nils@example.org','+01(0)2515408010','2003-08-22 05:23:31','2004-08-02 08:42:32'),(59,'Heather','Berge','hertha38@example.net','(071)118-9272','1988-02-20 10:07:44','2018-01-01 10:39:26'),(60,'Ruben','Breitenberg','brice.bernhard@example.org','+87(3)4417049030','2005-01-15 20:38:51','1981-01-08 07:41:37'),(61,'Lucius','Gerlach','collins.marjory@example.com','1-219-609-3043x803','1973-04-20 06:50:28','1984-04-11 13:50:17'),(62,'Dorthy','Block','johnson.alan@example.com','(043)803-4085x88754','2009-02-16 15:12:33','1999-02-03 07:20:53'),(63,'Jevon','Boyle','cathy17@example.net','+89(2)7218847063','1990-05-11 20:09:01','2003-05-02 00:55:21'),(64,'Okey','Dooley','tkertzmann@example.org','552-834-4906x615','1987-11-23 08:53:47','1982-01-04 12:23:31'),(65,'Carolyn','Bauch','rbreitenberg@example.net','(626)679-2671x21878','1996-03-05 20:16:31','1999-06-03 08:41:46'),(66,'Nicola','Batz','serena.kozey@example.com','375.672.7041','2014-11-30 18:29:53','1997-06-24 10:45:07'),(67,'Katelynn','Herzog','trinity33@example.net','963.078.8580x648','1978-09-26 13:16:06','1991-12-05 07:17:09'),(68,'Aniyah','Pagac','ray64@example.net','980.314.1746','1987-05-28 02:32:16','1983-01-30 00:16:34'),(69,'Jess','Treutel','ibarrows@example.com','254.692.5868x8485','1988-12-13 15:05:07','1977-03-30 18:29:04'),(70,'Braeden','Mraz','mvon@example.com','412.831.0146','1977-01-11 22:49:36','1997-10-04 13:05:48'),(71,'Sadie','O\'Keefe','brandi.feeney@example.net','681.085.8045x500','1970-08-15 06:20:36','1987-01-01 06:20:40'),(72,'Emery','Bruen','hwatsica@example.org','1-947-605-7403x4647','1991-04-17 00:05:19','2013-10-07 08:06:01'),(73,'Josefina','Dicki','afriesen@example.net','+28(5)7451751690','2002-10-20 23:05:08','2011-07-22 12:32:54'),(74,'Ibrahim','Morar','eulalia26@example.com','1-027-240-5757x291','2015-01-14 14:10:36','2000-10-06 20:28:35'),(75,'Abigayle','Hayes','skris@example.com','03689512400','1999-06-30 21:55:51','1971-08-12 01:58:06'),(76,'Joan','Wolf','dkuvalis@example.org','+81(1)2516359746','2009-12-04 15:24:38','2004-05-04 21:28:55'),(77,'Jordon','Mueller','qfunk@example.org','944-396-1393','2012-12-10 00:24:26','2016-12-09 03:00:54'),(78,'Kendrick','Wilkinson','hoppe.brigitte@example.com','07110114727','2003-11-16 13:19:41','1970-07-05 05:39:11'),(79,'Jaeden','Cronin','padberg.gerald@example.org','869-314-9122','1992-12-03 05:59:37','2000-12-08 14:55:57'),(80,'Randi','Miller','bernhard.carrie@example.net','+57(0)3854244956','2019-11-19 12:30:16','1989-02-02 08:12:18'),(81,'Ara','Balistreri','sammie.flatley@example.net','(928)646-0610','1990-05-22 14:51:36','1980-11-03 11:17:55'),(82,'Johann','Welch','bernhard.bradtke@example.org','174-592-2280','2012-12-17 02:54:15','1992-08-09 08:56:59'),(83,'Dario','Langworth','ylehner@example.com','977-733-3439x4272','1976-04-29 19:48:03','2016-08-03 16:12:52'),(84,'Ansley','Daniel','jacobson.margret@example.net','(750)858-8190','1974-03-03 15:21:40','2014-09-20 09:54:16'),(85,'Wilfredo','Kiehn','florida15@example.com','1-349-412-1474x94860','1986-03-22 00:16:15','1992-09-02 13:18:49'),(86,'Flossie','Daugherty','eberge@example.org','823.789.1215','1976-04-11 05:42:07','2006-08-10 05:58:42'),(87,'Mathias','Stark','citlalli99@example.org','(495)724-0772x99861','2015-12-15 19:09:19','1978-05-02 18:17:47'),(88,'Saul','Erdman','rowan75@example.org','1-080-071-2622x723','1974-05-03 13:11:59','1983-10-28 14:26:59'),(89,'Anita','Lubowitz','bailey.dortha@example.org','811-861-2614x8467','1998-09-08 01:05:11','1988-07-17 09:32:56'),(90,'Torey','Dietrich','antonietta.rutherford@example.com','1-643-967-8358x34944','1990-04-17 19:18:59','2000-03-28 21:44:22'),(91,'Ronny','Feil','orrin.willms@example.com','042-505-4372x924','1986-07-01 15:48:01','1979-03-08 03:20:39'),(92,'Clovis','Klocko','predovic.kiera@example.com','281.912.2966x96803','2017-03-12 16:25:04','1992-04-12 07:18:37'),(93,'Delia','Weimann','rhoeger@example.com','(307)475-1076x91866','2009-12-10 09:46:01','2013-05-22 02:03:38'),(94,'Kari','Brekke','mittie.gaylord@example.org','1-946-323-0362','1972-10-28 08:40:54','1993-09-02 19:22:15'),(95,'Eleazar','Steuber','cory.o\'connell@example.org','728-177-6711','2000-08-08 02:32:07','1981-05-02 09:49:12'),(96,'Gregg','Walker','vbauch@example.org','07621929910','1972-09-30 09:59:37','1978-05-22 12:39:29'),(97,'Madisen','Rolfson','skiles.paul@example.net','03449632725','2006-02-01 16:48:48','2012-10-09 11:34:34'),(98,'Cleta','Dibbert','lucienne05@example.net','1-697-660-5966','1989-12-04 11:52:32','2006-02-11 17:00:24'),(99,'Eryn','Mayer','herman53@example.net','1-404-703-8844x62295','1988-01-09 01:50:29','1999-04-28 05:31:01'),(100,'Earl','Yost','clangosh@example.com','(636)222-9035','2018-12-18 17:29:46','2018-05-19 12:55:50'),(101,'Andrew','Romaguera','pledner@example.net','497.198.2436','1983-03-22 19:09:08','1997-11-03 17:22:22'),(102,'Nyasia','Herman','ufisher@example.org','(288)151-2241x703','1982-04-04 16:14:49','2007-12-23 13:34:44'),(103,'Sammie','Kihn','rippin.aiyana@example.org','1-070-346-6982','1977-01-15 18:58:14','1986-08-26 02:34:23'),(104,'Agustina','Stark','cormier.angel@example.net','(382)794-5931','1985-05-03 05:46:18','2001-03-23 18:28:23'),(105,'Claude','Miller','kvandervort@example.com','124-606-2296x21934','1978-07-31 06:12:40','1998-11-20 17:54:28'),(106,'Brant','Hand','heathcote.rudolph@example.net','(852)145-0690','2016-09-05 03:18:39','1987-08-31 00:11:01'),(107,'Veda','Bayer','mckenzie.anika@example.net','+69(5)1782344650','1990-07-07 15:58:06','1994-06-18 03:07:53'),(108,'Lavina','Mayer','hirthe.liliana@example.net','512-089-1299x9752','1989-04-20 01:44:57','1996-07-09 01:32:37'),(109,'Mathew','Cormier','jean.orn@example.org','392-465-9289x947','2004-11-29 01:02:08','2001-02-05 11:02:51'),(110,'Vern','Boehm','nkeebler@example.org','187-890-8124','1974-05-24 02:20:09','1983-05-19 00:53:37'),(111,'Marisol','Okuneva','maryse91@example.net','(009)747-9358','2005-06-16 10:11:45','1995-11-03 05:05:19'),(112,'Stanford','Wiza','consuelo.fay@example.net','503-051-9382x50222','1992-07-01 07:37:32','1984-02-18 06:37:37'),(113,'Alba','Windler','amoen@example.org','1-366-997-8694x762','2006-08-17 07:18:15','1989-03-21 02:57:39'),(114,'Phyllis','Yundt','pollich.dax@example.net','908-443-7815x2413','1973-01-03 21:08:27','1975-06-08 11:15:16'),(115,'Dayana','Schinner','jovan78@example.org','1-561-767-9752x0792','2014-08-29 08:51:43','2011-11-03 17:13:05'),(116,'Nigel','Bode','makenna.friesen@example.net','09554028170','1988-05-06 01:04:31','2007-06-03 22:46:13'),(117,'Carmela','Kohler','o\'kon.audreanne@example.com','737.275.4238x409','2019-10-25 07:46:48','1974-10-30 10:11:43'),(118,'Connor','Frami','tremayne.wunsch@example.com','761-601-4492','2010-05-23 10:15:52','1970-01-06 02:41:04'),(119,'Fleta','Dach','bethany.mante@example.org','510.354.1478x054','2010-02-06 17:07:03','2015-03-16 06:03:40'),(120,'Raheem','Orn','hglover@example.org','919-639-3579x791','1975-01-07 02:40:05','1981-05-08 20:08:03'),(121,'Oren','Raynor','jessica88@example.net','+71(9)5739343071','1980-08-20 05:25:27','2019-08-03 10:54:56'),(122,'Madelyn','Green','esta01@example.net','(453)686-3560','2003-07-07 22:22:38','2010-08-27 13:45:23'),(123,'Sabrina','Larson','gregg76@example.org','1-839-675-5875x2500','1977-07-18 06:42:54','1988-10-03 17:27:42'),(124,'Archibald','Marvin','bahringer.kirk@example.com','505.093.4052','2017-10-13 15:39:51','1976-08-28 04:25:07'),(125,'Ivah','Abernathy','klocko.marlen@example.com','(767)586-6323','2007-06-13 08:41:08','1986-10-05 02:15:12'),(126,'Millie','Torp','carlie24@example.net','1-811-772-9051','1977-05-06 23:42:15','1987-09-21 12:17:24'),(127,'Eliezer','Jerde','uhaag@example.net','(498)278-9381','1982-04-05 02:20:19','2005-02-02 09:13:02'),(128,'Morgan','Jacobs','lillian02@example.com','1-874-670-7689','2003-03-08 03:15:41','2009-04-26 13:46:44'),(129,'Sterling','Ondricka','nkshlerin@example.org','1-726-914-5184','2000-02-16 22:28:14','1996-05-13 01:52:29'),(130,'Odie','Hills','rowe.shanel@example.org','065.486.5411x213','1992-12-27 07:04:56','1973-07-28 12:47:00'),(131,'Regan','Quitzon','sasha43@example.net','08186588046','1991-02-03 05:22:43','1989-09-04 16:45:22'),(132,'Laila','Gleichner','wisoky.mike@example.net','209.274.8969x9262','2010-11-26 00:13:31','1995-06-24 06:51:39'),(133,'Dariana','Barrows','langworth.frederique@example.net','(179)004-2726x73949','2017-10-21 00:55:27','2007-12-30 20:14:49'),(134,'Rico','Corwin','bill.huel@example.com','685.913.0635x0662','2009-07-10 12:14:09','1993-01-27 00:52:40'),(135,'Ericka','Kuhic','tristian.leffler@example.org','426.010.1770x41705','2002-10-21 09:15:27','1972-04-27 22:51:15'),(136,'Thalia','Hand','ohuel@example.com','+19(9)2449149243','2009-04-09 10:00:00','2013-09-17 12:12:26'),(137,'Turner','Braun','tschaefer@example.com','676-406-5170','2015-07-19 23:58:24','2014-07-05 18:28:59'),(138,'Buster','Rohan','edmund61@example.org','490.620.6396x3843','1990-01-12 21:06:44','2010-12-10 07:53:05'),(139,'Wilburn','Orn','qfisher@example.com','1-324-460-4797x20995','2019-02-19 00:49:17','1970-09-19 15:49:41'),(140,'Lexus','Beier','ivah49@example.com','1-685-363-4937','2014-03-29 09:54:18','1978-07-17 20:21:50'),(141,'Davon','Emard','lparisian@example.com','(429)877-4374','2007-04-22 07:26:39','2004-01-26 23:10:19'),(142,'April','Marvin','litzy76@example.net','1-036-749-2626x217','2008-06-07 19:14:29','1971-05-25 02:59:17'),(143,'Kariane','Wisoky','alessandra.bergnaum@example.org','1-550-518-7210x382','2008-02-25 08:04:13','2001-07-29 18:22:17'),(144,'Katlyn','Carter','hudson.abbigail@example.net','07104942978','1990-05-29 04:02:05','1990-07-01 03:07:25'),(145,'Jennifer','Simonis','lgoodwin@example.net','00290210512','2019-01-15 12:21:44','1977-08-01 09:10:37'),(146,'Serena','Frami','kihn.ray@example.com','1-673-084-9260','1994-08-13 12:45:33','2012-09-30 01:13:37'),(147,'Mossie','Frami','roselyn.berge@example.net','+15(7)2788765197','2006-11-25 22:47:04','2008-04-03 23:44:31'),(148,'Ariel','Mante','francisco.ledner@example.org','(536)700-8560','1991-11-07 09:59:05','1992-12-31 10:35:03'),(149,'Jacynthe','Armstrong','uglover@example.net','1-114-970-9309','1977-12-19 18:03:38','1984-07-16 22:03:04'),(150,'Neal','O\'Connell','sidney.christiansen@example.net','810-744-3709x51465','2020-01-18 15:41:51','1997-11-16 03:02:23'),(151,'Alessandra','Schulist','wolff.lorna@example.com','(312)389-1954x643','1998-06-12 08:08:13','2000-04-05 19:51:55'),(152,'Dallas','Nienow','marjorie.wolff@example.net','(948)004-9819','2006-02-12 11:36:40','2004-03-02 11:07:04'),(153,'Ima','Sauer','faustino.littel@example.com','284.077.6090','1979-01-22 16:57:38','2008-04-06 12:46:25'),(154,'Elise','Lehner','baby07@example.org','1-473-497-3156','1972-06-15 01:45:38','1981-04-29 03:02:52'),(155,'Freida','Crooks','dillan95@example.com','590-160-1532x71706','1975-09-05 06:29:01','2005-04-07 02:15:51'),(156,'Camille','Corkery','lydia.white@example.com','1-816-103-2233x44759','2008-11-12 22:27:54','2009-05-12 19:21:08'),(157,'Gabriella','Bradtke','estrella16@example.org','(860)158-6551x08322','1983-11-24 10:59:10','2011-11-28 17:28:12'),(158,'Wilber','Goyette','gleichner.elvis@example.net','(336)545-5069x3389','2018-10-04 19:20:09','1991-03-13 10:09:02'),(159,'Arlie','Orn','kling.sebastian@example.net','+57(4)8933196230','1983-05-31 15:18:03','1978-10-17 13:16:01'),(160,'Maximilian','McGlynn','jay17@example.com','136.469.9048x2791','2002-01-14 23:15:07','2016-09-18 12:10:21'),(161,'Baylee','Kling','carlie14@example.org','897.486.2029','1976-01-13 00:13:23','2012-02-26 16:41:28'),(162,'Diana','Stanton','qsenger@example.com','449-961-4982x7321','2016-03-02 11:00:06','1998-07-16 11:53:51'),(163,'Rhoda','Runte','faye.turner@example.net','(515)616-7258x299','1975-06-18 13:12:31','1992-12-28 23:12:07'),(164,'Lowell','Olson','esperanza.jones@example.net','1-787-680-4411','2011-07-12 02:29:04','1998-07-19 07:02:44'),(165,'Patricia','Bernhard','celestino.nikolaus@example.org','784.248.0833x351','1981-12-03 07:38:29','1974-08-02 11:25:19'),(166,'Annette','Jakubowski','qgreen@example.net','953-862-3428x611','1971-10-04 19:38:12','1998-04-06 14:23:05'),(167,'Elza','Ebert','cordie10@example.net','046-684-6319','1970-10-30 11:12:56','2012-10-21 22:19:15'),(168,'Coralie','Harris','joanne54@example.net','(992)758-9949x6142','2002-03-19 09:50:15','1983-06-01 19:43:01'),(169,'Santino','Gaylord','turcotte.trevor@example.com','541.127.7371x464','2003-07-01 06:51:55','1978-10-07 02:44:39'),(170,'Grayson','Lubowitz','blanche62@example.org','487-224-2165','2016-09-14 09:43:49','2005-05-29 16:47:12'),(171,'Marcelo','Reynolds','abbey84@example.org','982.600.2026','1999-05-02 14:43:35','2006-12-22 02:20:43'),(172,'Nora','Wisoky','gaylord.moriah@example.net','(222)327-9505x097','2019-12-02 01:14:55','1992-02-14 09:07:43'),(173,'Geovanny','King','willms.cheyanne@example.com','(775)969-0759x898','1984-12-22 21:50:05','1997-10-03 14:43:43'),(174,'Mervin','Koss','marquise55@example.com','1-735-891-9126x038','1971-09-15 04:05:46','2013-04-16 18:10:49'),(175,'Iliana','Schultz','harber.vicente@example.net','1-208-777-2578x3096','2006-04-21 21:17:01','1985-05-19 21:18:01'),(176,'Sallie','Koss','ora14@example.net','00503913109','1991-02-21 14:03:53','2004-09-25 02:28:42'),(177,'Casimer','Nolan','ernestina.yundt@example.org','+60(3)3747248612','1981-12-18 06:49:50','1985-11-07 04:02:32'),(178,'Sonia','Stamm','uwilkinson@example.com','(957)546-4524x58057','1973-06-19 14:16:32','2009-05-19 07:23:14'),(179,'Erna','Hackett','charley22@example.org','487.662.6339','1985-07-30 03:50:39','1980-02-14 10:56:00'),(180,'Sierra','Gerhold','lucy.okuneva@example.com','332-637-6431x6806','1997-02-16 08:58:20','2003-04-19 21:04:41'),(181,'Reyna','Schuster','pjohns@example.com','(849)420-1415','1985-09-06 11:17:02','1996-03-27 04:34:51'),(182,'Kirstin','Pacocha','guido85@example.com','(795)935-2155x43967','1979-05-20 04:12:17','1991-09-17 12:31:49'),(183,'Graham','Upton','nicolas87@example.net','827-020-1022x38992','2012-11-04 17:20:16','2003-10-17 02:55:42'),(184,'Wilhelmine','Sauer','fcasper@example.org','172.199.6398','1977-06-08 07:04:41','2017-10-05 14:01:20'),(185,'Wilmer','Wiegand','earlene55@example.com','+48(9)9428726545','1978-12-30 15:19:06','2014-01-07 10:14:03'),(186,'Shea','Rohan','halvorson.aidan@example.net','102.388.8394','1984-09-03 06:23:41','1994-01-02 11:25:45'),(187,'Freddy','Hills','torey.considine@example.net','+98(0)8793246362','2017-05-02 10:47:12','2011-01-19 07:31:27'),(188,'Lester','Gaylord','fredrick.beatty@example.com','06552689238','1991-03-29 07:02:40','2012-05-19 23:25:50'),(189,'Benedict','Jones','paige.emmerich@example.net','1-937-438-4464x2943','1997-02-15 10:47:16','1980-04-06 15:08:42'),(190,'Keaton','Pollich','dbrakus@example.net','804-674-0917x35127','1974-12-11 00:41:39','1998-07-07 04:33:06'),(191,'Nayeli','Ernser','marielle.wolff@example.org','(866)656-3836','2015-05-23 16:07:37','2020-05-22 10:10:45'),(192,'Antonetta','Medhurst','rodrick.maggio@example.com','397-094-3545x3483','1974-09-07 17:12:53','1986-12-24 13:45:18'),(193,'Reva','McGlynn','hackett.earline@example.org','254-308-1950','2017-03-29 04:06:02','1980-05-05 23:30:07'),(194,'Randall','Ward','heloise48@example.org','(385)235-3505x26286','2000-03-21 00:35:41','2001-06-06 14:31:09'),(195,'Celia','Feest','xweber@example.org','617.911.4472x295','2000-08-24 03:09:31','1982-03-13 06:33:17'),(196,'Marques','Smith','sluettgen@example.org','655-445-7894x28344','2008-02-13 06:06:11','1999-02-18 07:13:32'),(197,'Ceasar','Tremblay','earline.marks@example.com','972-771-6506x845','2012-05-04 01:05:31','1995-05-31 15:57:48'),(198,'Dedrick','Wilderman','rachael.reichel@example.org','(971)382-2718','2012-06-15 23:14:40','1992-12-27 23:20:42'),(199,'Sandrine','Corkery','orlo.armstrong@example.com','187-330-7206','1991-02-27 13:03:08','2015-06-05 13:26:55'),(200,'Ronny','Miller','sasha.gorczany@example.org','1-519-985-3495x0715','2016-04-09 13:38:15','2010-01-19 10:37:19'),(201,'Maksim','Sapunov','Jenny6199@yandex.ru','+79855880400','2021-05-20 17:48:19','2021-05-20 17:48:19');
/*!40000 ALTER TABLE `members` ENABLE KEYS */;
UNLOCK TABLES;
/*!50003 SET @saved_cs_client      = @@character_set_client */ ;
/*!50003 SET @saved_cs_results     = @@character_set_results */ ;
/*!50003 SET @saved_col_connection = @@collation_connection */ ;
/*!50003 SET character_set_client  = utf8mb4 */ ;
/*!50003 SET character_set_results = utf8mb4 */ ;
/*!50003 SET collation_connection  = utf8mb4_0900_ai_ci */ ;
/*!50003 SET @saved_sql_mode       = @@sql_mode */ ;
/*!50003 SET sql_mode              = 'ONLY_FULL_GROUP_BY,STRICT_TRANS_TABLES,NO_ZERO_IN_DATE,NO_ZERO_DATE,ERROR_FOR_DIVISION_BY_ZERO,NO_ENGINE_SUBSTITUTION' */ ;
DELIMITER ;;
/*!50003 CREATE*/ /*!50017 DEFINER=`root`@`localhost`*/ /*!50003 TRIGGER `check_members_unique_name` BEFORE INSERT ON `members` FOR EACH ROW BEGIN
	DECLARE chek_first_name INT;
	DECLARE chek_last_name INT;
	SET @check_first_name = (SELECT NEW.first_name IN(SELECT members.first_name FROM members));
	SET	@check_last_name = (SELECT NEW.last_name IN(SELECT members.last_name FROM members));
	IF @check_first_name = 1 AND
		@check_last_name = 1 THEN
	SIGNAL SQLSTATE '45000' SET MESSAGE_TEXT = 'Пользователь уже есть в списке.';
	END IF;
END */;;
DELIMITER ;
/*!50003 SET sql_mode              = @saved_sql_mode */ ;
/*!50003 SET character_set_client  = @saved_cs_client */ ;
/*!50003 SET character_set_results = @saved_cs_results */ ;
/*!50003 SET collation_connection  = @saved_col_connection */ ;

--
-- Temporary view structure for view `members_contact_info`
--

DROP TABLE IF EXISTS `members_contact_info`;
/*!50001 DROP VIEW IF EXISTS `members_contact_info`*/;
SET @saved_cs_client     = @@character_set_client;
/*!50503 SET character_set_client = utf8mb4 */;
/*!50001 CREATE VIEW `members_contact_info` AS SELECT 
 1 AS `id`,
 1 AS `diver`,
 1 AS `adress`,
 1 AS `email`,
 1 AS `phone`*/;
SET character_set_client = @saved_cs_client;

--
-- Table structure for table `messages`
--

DROP TABLE IF EXISTS `messages`;
/*!40101 SET @saved_cs_client     = @@character_set_client */;
/*!50503 SET character_set_client = utf8mb4 */;
CREATE TABLE `messages` (
  `id` int unsigned NOT NULL AUTO_INCREMENT COMMENT 'Идентификатор записи',
  `from_user_id` int unsigned NOT NULL COMMENT 'Идентификатор пользователя',
  `travel_id` int unsigned NOT NULL COMMENT 'id поездки',
  `body` varchar(255) COLLATE utf8mb4_unicode_ci DEFAULT '---' COMMENT 'Текст сообщения',
  `created_at` datetime DEFAULT CURRENT_TIMESTAMP COMMENT 'Дата создания записи',
  PRIMARY KEY (`id`),
  KEY `mess_user_fk` (`from_user_id`),
  KEY `mess_trvl_fk` (`travel_id`),
  CONSTRAINT `mess_trvl_fk` FOREIGN KEY (`travel_id`) REFERENCES `travel_log` (`id`),
  CONSTRAINT `mess_user_fk` FOREIGN KEY (`from_user_id`) REFERENCES `members` (`id`)
) ENGINE=InnoDB AUTO_INCREMENT=401 DEFAULT CHARSET=utf8mb4 COLLATE=utf8mb4_unicode_ci COMMENT='Таблица отзывов';
/*!40101 SET character_set_client = @saved_cs_client */;

--
-- Dumping data for table `messages`
--

LOCK TABLES `messages` WRITE;
/*!40000 ALTER TABLE `messages` DISABLE KEYS */;
INSERT INTO `messages` VALUES (1,189,45,'Corporis officiis dicta ut voluptatem. Ipsa qui ut sit optio ad nobis sit delectus. Consectetur excepturi dolor autem in velit veniam minima.','1991-09-27 04:34:51'),(2,160,51,'Delectus est inventore ut error ducimus explicabo. Pariatur sed amet deserunt. Molestiae molestiae ducimus consequatur accusamus rem. Dolores maiores quaerat enim sunt molestias vel.','2008-08-16 02:07:58'),(3,73,8,'Eveniet ut voluptatem itaque nemo. Perferendis quo veniam et rem ut aperiam. Ducimus iure itaque in consequatur.','2010-10-24 08:26:49'),(4,54,80,'Est ut quod et non. Aut quae atque quo ut. Nesciunt officiis assumenda aut dolor accusantium impedit ex.','1982-08-16 08:45:37'),(5,24,69,'Quo iure non voluptas recusandae quis. Id asperiores quae omnis eveniet et voluptatum. Non tempora natus est vitae commodi amet ratione. Quaerat provident fuga excepturi natus repellat vitae deserunt.','1975-11-30 04:37:56'),(6,89,90,'Tenetur aut eum atque quisquam. Nisi adipisci molestiae ut sed unde. Consequatur non corrupti doloribus ex. Pariatur beatae non voluptatem est maiores porro. Et et non perspiciatis quis omnis.','2004-03-27 13:36:05'),(7,134,91,'Voluptas molestiae cumque et modi quos. Cumque magni labore esse aut sit molestias nihil. Similique sunt ab illum corporis autem ducimus. Aut aut repudiandae vel est et consequatur repellendus.','2004-04-09 06:13:19'),(8,86,51,'Eaque exercitationem cupiditate dolorem voluptates omnis et. Blanditiis quis rerum officia delectus ipsam nam. Tempore similique dolore voluptas ab ut possimus recusandae quisquam. Cupiditate aliquid et velit doloremque est qui.','2011-04-23 13:19:45'),(9,47,67,'Temporibus aut deleniti iste soluta autem. Ut reiciendis ex maxime dolores. Magnam praesentium non id accusantium recusandae molestias quidem. Magnam vitae adipisci magnam beatae facilis incidunt. Consequatur deleniti dignissimos dolorum voluptatem conseq','1989-03-05 22:03:35'),(10,183,74,'Cum hic autem nobis voluptates quae recusandae beatae. Quisquam labore quia et iste quo enim ex. Praesentium non aut soluta voluptatem aut quis quibusdam ratione. Qui fugit commodi nihil.','1984-11-18 21:35:00'),(11,1,64,'Nobis necessitatibus ut debitis quasi distinctio. Sit nemo maiores magni voluptatibus perspiciatis dolores. Eaque et odio harum animi. Et placeat est dicta dolor quia. Quibusdam ut deserunt non soluta dolorem.','2004-09-25 05:20:17'),(12,132,16,'Explicabo quia dolor nesciunt quas. Dignissimos et neque voluptas sapiente. Nemo doloribus sit cum exercitationem aut.','1982-01-27 11:24:15'),(13,192,52,'Dolorum quas vero atque minus culpa reiciendis non sit. Ex ut laudantium fugit omnis in ea. Nihil reprehenderit ipsam dicta numquam laborum ullam velit est. Fuga sequi a provident quasi eum minus rem.','1989-08-05 15:44:29'),(14,191,14,'Quasi dicta aliquam aut voluptas quo. Qui sit sunt molestias inventore voluptatem est velit.','1983-08-21 04:58:10'),(15,85,11,'Iusto quidem perspiciatis qui quos. Aut eum ad quidem neque quis consequatur voluptate delectus. Laborum enim at rerum numquam harum autem. Voluptas dolore velit praesentium odio dicta.','1987-11-28 18:42:26'),(16,23,14,'Quae fuga voluptatem adipisci iure. Quia ad quam dolorem voluptatum beatae consequuntur. Magnam ducimus veniam delectus ut et temporibus. Hic suscipit quam quia modi qui dolor qui molestiae.','2019-08-18 13:07:03'),(17,78,36,'Eligendi dolor dolor recusandae soluta molestias voluptas voluptatem quae. Sint aut iure reprehenderit quae in. At nulla dolores dolorum nisi. Maiores reiciendis qui dolores non sapiente est quaerat. Suscipit quisquam sed earum voluptatibus et.','1986-01-02 22:05:33'),(18,19,67,'Eos quia et dolores commodi dolorem eaque. Tempore est velit velit consequatur ipsa dolor laborum. Earum numquam deserunt quia nemo et corporis totam. Aliquid dolorum qui sit possimus recusandae.','1970-02-25 02:18:47'),(19,144,66,'Asperiores modi necessitatibus architecto quia quos odio atque. Fuga ut itaque aut consectetur.','1974-04-27 03:57:25'),(20,90,37,'Ducimus voluptate dignissimos quisquam accusantium id. Nostrum sit nulla vel qui nulla minus aspernatur eum. Quaerat veniam et aut maxime magnam. Magni expedita eveniet doloremque sed perferendis. Magnam eum officiis porro quidem ut porro tempore quo.','1989-10-01 16:43:18'),(21,45,3,'Ipsam quia sapiente quaerat corporis. Qui veritatis cumque placeat laborum ut. Vel ex quia ut quo excepturi iusto dolore.','1988-01-27 12:24:46'),(22,32,44,'Vel suscipit harum a eos ratione voluptas. Non autem qui suscipit rerum atque. Quo placeat qui veniam.','2015-02-23 03:24:46'),(23,183,18,'Est non quod laborum provident harum quibusdam. Culpa consequatur et repudiandae.','2016-11-30 13:22:44'),(24,94,21,'Doloribus facere id nihil ut. Officiis ut rerum facere ut voluptates. Rerum distinctio aut ut beatae laboriosam consectetur ad. Soluta aliquid consequatur vel occaecati illum modi in repellendus.','1991-05-08 06:22:00'),(25,18,32,'Rerum architecto voluptatem molestias eum sit. Aspernatur possimus voluptas rerum deleniti. Amet inventore architecto accusantium provident nesciunt rerum optio asperiores.','1995-02-21 03:07:36'),(26,40,19,'Perferendis minima aut similique atque omnis. Enim atque temporibus repellat consequatur a voluptas. Amet ullam consequuntur et eaque hic occaecati atque. Ut quis assumenda est doloremque illum dolore neque.','2017-03-05 06:38:35'),(27,71,11,'Quibusdam ipsum ratione voluptatem voluptatibus. Modi aliquam perspiciatis dignissimos ex. Debitis vitae sed reprehenderit non non. Ab fuga consequatur tenetur perspiciatis quis non ea.','1986-12-15 20:25:05'),(28,151,85,'Autem et sit minima suscipit dolor praesentium exercitationem. Non reprehenderit inventore illum voluptatem amet.','1971-09-24 00:11:46'),(29,116,81,'Et qui repellat accusantium necessitatibus qui dolorem rerum. Est a consectetur dolorem nostrum recusandae laboriosam voluptatem. Dicta voluptatibus ut et ea beatae dolorem soluta.','2002-12-17 16:16:37'),(30,61,100,'Sint ut et cupiditate dolorem omnis eos. Corrupti voluptatem sunt enim.','2005-12-03 08:22:11'),(31,186,91,'Explicabo doloremque qui nihil dolorum labore. Qui labore recusandae et necessitatibus consequatur odit asperiores. Odit veritatis quis maiores.','2002-08-16 16:07:48'),(32,54,58,'Magni modi reprehenderit similique mollitia et nisi expedita. Odio ipsa natus molestiae illo. Reiciendis et ipsum autem.','1985-03-25 10:43:37'),(33,31,58,'Provident quae blanditiis ut voluptates enim et. Recusandae harum quo est provident veritatis distinctio cupiditate commodi. Molestiae voluptatem unde laudantium nesciunt. Eos cumque necessitatibus earum modi earum odio officiis. Atque sed voluptate dolor','1991-04-06 03:40:36'),(34,146,98,'Quis impedit suscipit et incidunt. Est quae voluptatem id praesentium. Consectetur qui occaecati excepturi et iste quo. Aut consequatur provident cum quia molestias ut. Corporis inventore doloremque et aliquam aliquid.','1989-12-25 02:26:36'),(35,100,79,'Accusantium incidunt numquam eos sed cupiditate. Iste autem et ullam qui. Ad autem dolor ut odio provident est nostrum.','1971-11-16 08:14:42'),(36,45,62,'Soluta ea dolorem enim sed qui perspiciatis. Eos sed ea voluptatem quibusdam voluptas. Illo consequatur id qui molestias blanditiis et.','2008-09-14 09:08:45'),(37,56,20,'Est quae quaerat optio accusantium sint. Dolorum et libero autem aut. Libero amet exercitationem sed voluptas ea ab voluptatem neque. Et qui culpa qui.','2001-10-18 10:10:18'),(38,16,75,'Ea facilis nisi eligendi. Fuga ut maxime voluptatem est quo est deserunt quas. Omnis qui fugiat accusamus a vel cumque. Ut nulla blanditiis aut officiis vel.','2021-01-25 08:05:15'),(39,82,77,'Et quos culpa deleniti. Sunt expedita quidem quae cupiditate qui voluptas eius. Libero eum culpa quis possimus officia ipsum. At voluptatem temporibus recusandae quaerat.','1995-06-02 13:32:25'),(40,48,60,'Autem quis ullam praesentium nesciunt impedit deserunt et praesentium. Molestiae ut enim ipsam officiis voluptatem quam. Eaque libero officiis cum quod odit hic. Quidem odio at explicabo sit eaque est. Sed officia exercitationem sit voluptate illo.','2014-12-11 12:40:18'),(41,119,89,'Sapiente aut voluptatem ullam aut explicabo perspiciatis eveniet. A ea nemo sunt. Qui deleniti nisi non odit ab delectus.','1987-09-10 19:05:25'),(42,86,85,'Ratione quaerat cumque sapiente. Cum voluptatem fugit recusandae eum magnam. Et optio et aut porro. Fugit et omnis eveniet quis accusamus natus possimus.','1977-09-20 14:00:00'),(43,61,7,'Nam harum ab dolor placeat ab. Possimus eum vero nulla corrupti rerum. Voluptatem enim eligendi voluptatum nihil modi nihil consequuntur.','2019-12-12 16:28:28'),(44,9,59,'Quos eveniet fugiat nobis reprehenderit ut ipsum. Ut explicabo possimus perferendis magni non sit consectetur saepe. Deleniti rerum qui nulla eum.','2003-06-07 21:58:30'),(45,1,84,'Et cupiditate aut repudiandae est. Odio laudantium voluptatem veniam eaque voluptate porro.','1983-11-03 13:13:29'),(46,91,25,'Reiciendis quam sed delectus quidem est cupiditate illum. Voluptas quae assumenda facere. Non tenetur voluptatum eum vero numquam.','2006-11-28 09:22:55'),(47,46,22,'Et mollitia animi soluta dolorem beatae et. Quod tenetur illo quas consequatur totam cupiditate. Et veniam eum natus doloribus perspiciatis quidem. Dolorum nam ad odio quis ut placeat.','2005-10-01 14:39:29'),(48,11,79,'Cum ducimus necessitatibus atque quibusdam deserunt corporis. Dolores iusto accusantium nemo blanditiis sunt occaecati. Laborum temporibus ut quibusdam magnam ipsam sed.','1984-12-11 14:11:09'),(49,134,1,'Deleniti fugiat consequuntur iusto excepturi reprehenderit aut minus. Sed omnis sequi ullam.','1972-12-19 08:03:09'),(50,38,33,'Aut nisi sit quod rerum accusamus ipsam. Sint nisi sed ut sit. Possimus qui voluptatem iste sapiente.','1983-03-31 19:02:52'),(51,146,20,'Voluptatem tempora rerum officiis aut laudantium debitis. Sunt fugiat voluptatem laboriosam voluptas veritatis. Ipsum quis sint consequuntur itaque a quia quaerat.','2006-12-16 05:11:38'),(52,53,18,'Velit eligendi dolor accusamus at quasi id. Error eligendi sequi vitae quod tenetur sint sint. Reprehenderit et velit nisi est consectetur.','1983-01-29 20:35:36'),(53,140,11,'In dolores sequi velit saepe autem. Rerum est tenetur odit cumque itaque. Quia similique cum eum ullam est labore.','1978-04-25 04:45:34'),(54,174,67,'Excepturi voluptatibus earum quibusdam qui qui laboriosam dignissimos et. Itaque est distinctio quaerat dignissimos quis tempora. Odio aperiam soluta rerum aut. Repellendus animi quia voluptate occaecati sapiente excepturi magnam.','1997-09-07 01:38:40'),(55,65,50,'Dolores a error tempore mollitia temporibus enim. Voluptate id a aut non dolores provident.','2014-07-15 17:34:45'),(56,97,83,'Qui magnam ipsam voluptatem magnam. Ut non minima aut ut qui. Deleniti officiis ipsam sunt nemo vel dolorum. Molestias odio est aut nihil magnam aut quia.','1997-04-14 15:55:08'),(57,63,27,'Dolores porro ut natus deleniti vero corrupti omnis. Officiis corporis autem necessitatibus consequatur et. Cumque labore amet perspiciatis a sit. Accusantium voluptatum et dignissimos saepe placeat quia architecto.','1989-08-28 05:02:47'),(58,21,6,'Dolorum tempore ut vel dolor. Porro pariatur facere accusantium asperiores porro deleniti vero. Placeat porro et et qui voluptatem. Fugit perspiciatis ullam eligendi tempore sed molestiae quam porro.','1980-02-17 21:58:28'),(59,181,23,'Neque velit pariatur ut quisquam libero. Fugit quod sint aut id. Rerum nesciunt ea vel aliquid autem quia.','1979-10-31 19:39:31'),(60,183,47,'Quae voluptatem nostrum sint dolor autem natus dolorem velit. Omnis distinctio quo consequatur facere quam. Amet et dolorum nemo.','1990-04-26 13:33:29'),(61,163,52,'Inventore sit alias ut atque quo nihil consequatur. Nulla quia dolorem repellendus rerum. Molestiae magni ut aut velit distinctio aut omnis. Et voluptates aut nam enim voluptatem sit ut.','1986-02-22 12:48:38'),(62,143,5,'Et sunt autem dolorem consequuntur soluta necessitatibus voluptatem. Autem dolore a aspernatur recusandae. Aut soluta consequuntur quia assumenda qui voluptates.','1992-06-10 01:00:15'),(63,2,29,'Aliquam tempore qui similique aliquid molestiae. Iste omnis optio est. Et in delectus autem sint. Ad unde enim saepe architecto assumenda praesentium aut.','2002-04-22 17:36:34'),(64,141,5,'Eos eum et officia earum aut iste dolores. Optio saepe alias quia sapiente illum officia quis doloremque. Corporis ea omnis sint officia animi autem quasi. Ea a quaerat dicta tenetur.','1976-10-13 18:26:36'),(65,60,3,'Consequatur pariatur autem et non excepturi sapiente. Dolores sed quasi voluptatem nulla a. Laboriosam porro expedita provident qui asperiores aut.','1978-10-30 06:20:08'),(66,174,24,'Nesciunt dolor rerum molestiae quos repudiandae ipsa. Omnis voluptatem aut labore molestiae. Laboriosam sunt est nobis ut modi libero. Quis voluptas cum dignissimos omnis est commodi laudantium.','1979-08-20 03:13:31'),(67,83,44,'Debitis quod doloremque ut velit repellat et voluptatum. Aut earum distinctio est delectus voluptate molestiae repellat.','2001-11-26 02:26:36'),(68,101,98,'Voluptatem eum est corrupti. Similique saepe qui laudantium exercitationem aut quae. Voluptate et sunt et aut.','1982-11-27 03:55:52'),(69,42,59,'Error ab labore inventore molestiae et cum nobis. Amet maxime aut dolores maiores. Iste beatae sapiente repellat ut temporibus excepturi et.','2006-11-25 21:28:15'),(70,144,34,'Eveniet eligendi ut culpa dicta aut aut explicabo. Quae nemo ad ut consequatur. Maxime veritatis libero sapiente fuga facilis.','1991-02-12 10:51:10'),(71,32,59,'Aut aut fugiat ut qui in. Blanditiis qui asperiores deleniti voluptatem autem non repellendus quo. Animi vel ipsum ut expedita minus temporibus perferendis. Quod consequuntur nihil illum voluptas officiis.','1998-06-25 07:11:57'),(72,36,60,'Facilis suscipit quas quae rerum ut architecto deserunt. Aut non dicta animi quibusdam expedita. Quidem quas assumenda enim labore corporis ut. Et dolorem aperiam omnis aspernatur autem aliquid explicabo.','1972-10-15 05:39:55'),(73,24,8,'Et molestias modi dolor delectus. Magnam et a fuga.','2012-04-14 13:21:47'),(74,8,65,'Quidem odit adipisci fugiat doloribus. Ipsa quasi illum labore sed. Reprehenderit voluptas quo provident sit laudantium minus.','2005-05-25 08:29:02'),(75,100,6,'Voluptatem omnis vel ut iste velit rerum eius. Dolorem dolorum explicabo atque error enim porro vitae. Non ratione quibusdam dignissimos id sunt odio. Suscipit ut quia nesciunt rem iste corrupti id et.','1988-10-25 19:51:03'),(76,32,58,'Unde nemo rerum doloribus et enim. Magnam voluptas possimus dolor rem sunt eius. Rerum qui distinctio distinctio harum sed sit voluptate. Sit ipsa ea dignissimos illum quia sint aut.','2002-02-26 02:43:55'),(77,15,1,'Unde veniam perferendis sit numquam. Pariatur veniam exercitationem nihil soluta cum. Voluptatum necessitatibus modi animi quia. Animi voluptas beatae ullam aspernatur eligendi quis. Reiciendis aut enim omnis ipsa.','1976-08-03 22:57:00'),(78,89,18,'Corrupti qui placeat quo. Dolorem laudantium dolores maiores sapiente dicta qui. Porro placeat quia ut quo autem. Impedit in facilis a doloribus aut voluptatem sed corporis.','2014-08-16 04:47:17'),(79,4,76,'Aut molestias est ut libero beatae. Rerum quo rem officia ut laudantium. Soluta qui quae perferendis porro odio quasi fugit. Reprehenderit vel quae aut et reiciendis rerum impedit. Ea voluptatem molestiae ut perferendis eos.','1981-02-09 17:40:22'),(80,98,83,'Reprehenderit iusto excepturi consequatur autem. Repellendus ipsum consequatur et vel rem non magni. Nobis quo iste architecto natus dolore porro. Enim odit quasi et tenetur reprehenderit natus.','1992-04-12 01:47:09'),(81,96,31,'Voluptatibus qui esse possimus praesentium minus ipsam praesentium. Officia rerum perspiciatis sit. Praesentium autem eos odit culpa earum blanditiis provident neque.','2002-06-09 22:43:49'),(82,58,35,'Enim voluptate omnis quis magnam alias. Et dolorem quia quo. Eum assumenda nobis aut deleniti aut voluptatem illum. Quis temporibus eius ea ullam.','1986-02-19 10:43:50'),(83,154,24,'Quos quia minus et voluptas laboriosam. Rem ducimus voluptatem veniam et et. Aut id molestiae et praesentium.','1973-09-06 05:58:38'),(84,25,71,'Et accusantium sapiente similique dolorem aut ut beatae. Esse dolor nesciunt nisi corrupti aut molestiae autem quidem. Dolore et corporis minus iusto voluptas quo.','1978-12-03 23:12:43'),(85,53,59,'Sunt velit voluptatibus est tempora debitis quas amet ut. Sed quas qui tenetur. Dolorum culpa inventore recusandae placeat officiis veritatis.','1988-10-22 13:18:42'),(86,142,23,'Quia nesciunt dolorem quas nisi inventore beatae. Consectetur occaecati ea quam repellat illum quasi distinctio. Beatae sit esse occaecati voluptas sed. Unde et eos quas.','1992-05-05 05:18:20'),(87,63,23,'Ipsa est sit est voluptatem aspernatur excepturi doloremque. Voluptas magnam vero quia et. Rerum culpa aut est aspernatur et expedita fuga.','1978-12-23 00:19:40'),(88,154,84,'Dignissimos eius minima ut et repellendus fugit voluptatem. Dolor velit distinctio harum autem. Quibusdam corrupti ut pariatur consequatur quisquam. Nihil ea incidunt itaque modi ipsum qui ipsa.','2014-03-29 18:25:37'),(89,102,35,'Omnis necessitatibus rem id sit nemo perferendis accusantium. Nostrum sed odio tempore deleniti. Nulla fugiat recusandae omnis reiciendis voluptatem consequatur. Hic perspiciatis iste recusandae sequi.','1995-12-26 16:30:49'),(90,108,46,'Nihil est corporis dolore corporis. Dolore sint soluta autem non in ab vero nihil. Inventore odio dolorem odit consequuntur repellat corrupti omnis numquam. Qui vero aut quis illum.','1989-01-11 01:47:09'),(91,182,44,'Tenetur eum voluptatem cum ut vero placeat iure. Laborum minus sit rem aut blanditiis reiciendis. Earum veritatis aut qui quis et quibusdam. Nostrum aliquam modi doloremque dolore. Suscipit autem eaque inventore ut nisi cum sequi.','1992-05-07 03:57:56'),(92,172,67,'Sit molestiae magni incidunt officia aliquid laboriosam est. Et et sed odit fugiat eius. Enim ipsa aliquid numquam animi nam. Quibusdam possimus veritatis enim beatae ut molestiae et.','2003-04-06 07:41:30'),(93,163,42,'Quia quo et voluptas repellat qui. Aut modi dignissimos eos esse assumenda a repellendus. Deleniti eveniet voluptatem modi quidem. Repudiandae aut dolorem nulla nam perspiciatis consequatur ea ipsum.','1999-01-12 14:35:46'),(94,110,42,'Possimus nemo perspiciatis et. Neque assumenda ullam occaecati.','2016-03-18 11:26:41'),(95,89,80,'Ipsum et id occaecati qui sed odio atque error. Aut suscipit molestiae nisi sunt deleniti et. Id quae quam labore error qui tempora.','2019-07-14 01:53:37'),(96,84,18,'Consectetur ad quae omnis molestiae non. Nemo eos earum consectetur occaecati enim placeat.','2008-01-06 08:33:18'),(97,74,6,'Aut et necessitatibus et et voluptatibus. Eos perspiciatis omnis omnis ducimus harum totam dicta. Magni suscipit est repudiandae ad. Accusamus mollitia incidunt quo.','2013-06-12 04:48:47'),(98,16,45,'Consequuntur quae non aperiam molestiae et perferendis fugit. Impedit earum nihil exercitationem recusandae rem quia impedit voluptatum. In soluta culpa unde doloribus magnam. Sint ut consequatur et error. Eligendi culpa voluptatem ex aut voluptatum paria','2019-03-14 13:20:56'),(99,189,1,'Ad et inventore omnis eos sequi distinctio dolorum. Quibusdam sint cupiditate voluptatum autem aut labore. At dolorem architecto nihil et id sit rerum.','2011-01-12 01:32:16'),(100,37,19,'Eligendi omnis rerum rerum voluptas expedita qui. Iste et error ut omnis velit nostrum.','2001-06-19 21:43:00'),(101,53,76,'Aspernatur aspernatur et corrupti. Autem maxime nam fugiat debitis atque iure et eos. Totam sit debitis minima possimus consectetur.','1988-10-03 07:15:41'),(102,173,29,'Non quo commodi totam placeat quia. Deserunt magnam sunt molestiae iusto sint.','1970-12-09 06:36:15'),(103,55,25,'Maiores in et nisi qui. Asperiores repellendus odio id enim. Similique nihil modi dolor odio minima repellendus atque odio. Magni sit beatae dolor reprehenderit dolorem ratione deleniti aut.','1975-04-03 09:06:51'),(104,141,73,'Laborum distinctio quam eius nemo vero. Voluptatem rerum corporis illo dolores modi perferendis. Quia doloremque id corporis omnis nihil.','1970-05-13 20:49:20'),(105,165,4,'Dolorem nobis ullam magnam et molestiae sapiente. Officiis quod porro asperiores explicabo. Autem ut qui sit est possimus hic hic et. Quibusdam explicabo soluta aut.','2003-06-12 23:41:42'),(106,86,2,'Sequi praesentium minima odio aut. Ipsa quisquam quas vel. In quia assumenda nostrum esse quam accusantium.','2017-05-02 01:46:48'),(107,168,10,'Dolor et rerum placeat laboriosam harum in. Rerum voluptate aliquid autem fugiat sunt ea consequatur veritatis. Laborum sint quam blanditiis aut. Ullam corporis qui vel non aliquid.','2015-12-28 18:02:37'),(108,10,4,'Qui et harum sit cupiditate ipsam ut ex. Et odit nisi vel. Consequatur sed qui molestiae optio distinctio cum consequuntur veritatis.','1977-05-07 04:07:20'),(109,120,49,'Et ut harum delectus ea velit optio quia. Officia in fugiat quod impedit reiciendis vel saepe eius. Doloremque nulla debitis fugiat eius aut voluptas voluptatem. Perferendis in libero rerum eius ut voluptatem facilis. Perferendis qui doloremque sed odit.','1981-05-22 18:01:24'),(110,104,45,'Rem suscipit hic voluptas recusandae doloremque. Iste aut iste velit perferendis. Laborum rem quis voluptas eum dignissimos expedita possimus tempore.','1978-09-24 19:29:27'),(111,163,38,'Iusto quia porro mollitia consequatur accusantium. Porro modi sit rerum minus vel sit. Sint perferendis et perferendis.','1973-05-21 01:15:51'),(112,186,35,'Veniam quae quo maiores corrupti ipsam nihil. Possimus debitis doloremque ab omnis dolor quo. Mollitia qui ipsam a ut et eveniet. Vel eligendi facilis qui voluptatibus quia fuga consequatur dolor.','1980-09-08 08:21:52'),(113,113,78,'Nulla accusamus sit exercitationem. Odio doloribus est sed quidem veritatis. Consequatur recusandae cupiditate doloribus ullam sit aut. Eos omnis ab laborum et quia quae repellat voluptas.','2012-10-24 15:49:38'),(114,176,18,'Quia ut hic dolor minus ut eos dolorem. Inventore asperiores culpa ut repudiandae sunt quidem officiis. Porro sunt tenetur aspernatur occaecati exercitationem officia nihil dolor.','2008-11-21 06:43:10'),(115,182,6,'Possimus et tempora distinctio deleniti expedita. Ipsa consequatur et repellendus quam nihil.','1984-06-25 08:13:36'),(116,76,57,'Eaque occaecati quia quis. Sapiente id at ratione provident dicta cum. Cumque harum corrupti incidunt minus nihil velit asperiores. Numquam facilis quia rerum eligendi.','2010-05-23 00:18:21'),(117,129,34,'Laboriosam optio alias ut eveniet nemo praesentium. Possimus dolor temporibus in. Quod qui voluptatem iste dolor non. Quisquam facere eos hic voluptatem laboriosam ipsa in. Fuga sint consequatur dolores id.','2009-06-29 20:28:44'),(118,184,74,'Non voluptate quasi accusamus culpa ut. Quidem qui rerum hic quidem ipsum. Ipsum quos ut quidem quia ipsa consequatur.','1974-06-20 05:32:25'),(119,146,80,'Impedit reprehenderit nisi ipsa dicta. Impedit ut asperiores nihil iusto saepe qui soluta. Est et natus minima officia ut enim. Et corrupti distinctio quidem velit quidem occaecati voluptates.','2015-06-06 20:53:13'),(120,183,67,'Molestias consequatur et rerum velit voluptas quis minima. Assumenda officia ea sed impedit.','2021-01-16 22:34:36'),(121,178,32,'Aperiam maiores odio asperiores sapiente fugiat dolore. Sed qui qui occaecati quia et quibusdam et.','1970-12-26 20:31:16'),(122,37,2,'Non nam modi vitae voluptatibus sint a accusantium. Deleniti numquam et doloribus molestias fuga. Possimus esse est reprehenderit aut. Voluptatum sit optio unde sed recusandae nam. Rerum sunt aut ab aliquid sed dicta.','2012-01-12 15:46:22'),(123,45,79,'Et consequatur dolorem et hic. Consequatur id tenetur facilis qui nisi. Cum et nemo quis nisi soluta.','2018-05-23 10:52:23'),(124,183,54,'Eveniet excepturi eos ipsa omnis. Nisi enim quasi amet voluptatem vel molestiae et. Hic voluptatem ducimus modi beatae sit consequuntur voluptas. Sit odio quisquam sunt tempora.','1982-08-11 00:14:17'),(125,159,29,'Excepturi recusandae tenetur occaecati omnis aut modi. Nihil excepturi minus consectetur qui rem recusandae facere. Vero quia dolores rerum sint quas deserunt.','1990-07-19 04:00:38'),(126,81,19,'Hic sunt nesciunt facere quam recusandae. Ex non rem illo officiis. Magni quae sunt iure debitis voluptatem nemo aut officiis. Optio eveniet repellendus ea.','1989-01-06 07:06:08'),(127,105,27,'Doloremque quidem atque id qui omnis occaecati. Ea iusto nihil nulla in quia numquam. Dolorum rerum eaque autem assumenda corporis quia et. Aperiam maiores ducimus est mollitia quia ullam et.','2012-06-10 10:59:29'),(128,35,92,'Laboriosam impedit autem voluptas culpa ea tempore repellendus. Expedita cum exercitationem aut deserunt deserunt.','1974-05-18 05:41:10'),(129,54,11,'Rerum omnis eius rem iusto quam et earum. Est saepe aperiam autem velit reiciendis quod. Fugit veniam odit perspiciatis.','1987-06-25 07:55:36'),(130,178,95,'Veniam ratione recusandae atque necessitatibus aut. Fugit deserunt repellendus facere voluptatem ea aperiam aut. Vel repudiandae qui impedit sed voluptatibus sunt amet. Fugit est quia et omnis laboriosam qui eos.','2013-10-26 06:21:48'),(131,49,72,'Rem et et quod omnis minima. Officia magni ullam possimus quia omnis. Rerum aperiam doloribus quidem. Dignissimos fugiat rerum praesentium voluptatem enim dolorum.','1998-11-21 21:01:23'),(132,54,5,'Temporibus suscipit in excepturi praesentium consectetur. Voluptatem sit consequatur molestias rem. Quaerat nesciunt sapiente ut eveniet perspiciatis rem.','1991-08-14 19:31:21'),(133,185,65,'Placeat perferendis molestiae animi dolores. Repellat earum illo minus modi doloribus. Ab provident quibusdam esse cumque impedit aut. Quod vel quia fugiat esse numquam. Sed illum non qui praesentium minima voluptatum.','1977-03-30 21:05:15'),(134,168,77,'Ut dolores necessitatibus odio porro ipsa et ad. Suscipit est eligendi quasi laboriosam est. Excepturi assumenda possimus qui maxime natus nisi aut.','2009-05-27 17:18:34'),(135,126,41,'Minus temporibus est ullam consequatur et voluptatum officia. Delectus praesentium qui magnam vel vel.','1971-01-03 08:14:55'),(136,185,46,'Asperiores nihil nobis voluptate qui. Iure harum accusantium error et quia consectetur hic.','1974-11-30 10:04:35'),(137,27,26,'Omnis iusto voluptas sit repudiandae tenetur et ratione. Dolores labore temporibus vel qui. Et perferendis consequatur fugit pariatur et. Illo sit maiores sint asperiores odio rerum aut.','1976-10-09 04:17:32'),(138,120,31,'Qui ipsam quam et voluptatem corporis dignissimos. Repellat similique voluptatem vitae nostrum dolor et. Id fuga quisquam nemo fugiat excepturi sunt.','1978-08-17 07:13:35'),(139,98,59,'Officia amet unde totam sed expedita. Nesciunt ex expedita molestiae ut voluptatem. Alias fugiat molestiae autem saepe nulla.','2021-04-30 12:43:17'),(140,195,72,'Dolores id quos repellat ipsam. Pariatur vitae architecto omnis voluptatem quibusdam. Perspiciatis numquam dolores et incidunt sit. Quia et consequatur quo suscipit sint libero et.','2016-12-21 11:28:20'),(141,23,21,'Non provident iste est debitis laborum est et. Molestias fugiat labore rerum delectus delectus. Aut temporibus est dicta tempore sed vel.','1994-11-10 13:29:34'),(142,130,12,'Molestiae labore laboriosam impedit deserunt iste possimus officiis. Ad natus non unde deserunt voluptatem facere. Et pariatur aut occaecati fugiat inventore harum qui. Inventore unde quis aliquam dicta. Laboriosam commodi est neque porro velit animi.','1972-05-25 03:30:57'),(143,57,18,'Ea mollitia maiores veritatis quo rem explicabo nihil eveniet. Qui iusto voluptatem aut praesentium quibusdam. Quia animi eos odit id maiores. Accusamus fugit ad ea ea.','1993-09-20 02:09:39'),(144,122,36,'Veniam accusamus quo est explicabo facere quia repellat. Incidunt sunt ut rerum quia sapiente repudiandae. Accusantium ut nostrum ipsa magnam. Architecto quidem voluptatem totam voluptas. Delectus mollitia ex laborum et quia ut ipsam.','2005-11-11 19:04:59'),(145,131,56,'Facilis dolorum aliquid et omnis ea. Ducimus eligendi excepturi nesciunt. Ut omnis assumenda sunt exercitationem.','1999-09-27 18:29:16'),(146,76,73,'Sunt veniam est tempora nesciunt perferendis a. Enim omnis possimus dignissimos veniam. Libero est asperiores molestias cum incidunt.','1980-08-26 09:49:42'),(147,27,19,'Possimus incidunt mollitia eius magnam porro dolore rerum. Possimus et cupiditate similique quia debitis sint commodi. Qui accusamus suscipit delectus sint.','1985-06-01 22:58:29'),(148,89,39,'Similique rem et tenetur impedit ex ipsa. Commodi ducimus non enim explicabo possimus voluptatum quia. Nihil non sequi aliquid perspiciatis quisquam.','2004-09-27 07:41:49'),(149,7,2,'Et ut sed facere voluptas. Asperiores eveniet qui tempore voluptatibus ut eligendi. Minus sed qui doloribus voluptatem.','2013-07-26 23:16:09'),(150,125,43,'Vero repudiandae vero aut veritatis corporis ipsa non. Repudiandae optio tempore est. Sed repellendus nemo consequuntur vel sunt aperiam deserunt omnis.','1978-09-29 08:13:05'),(151,156,92,'Sint aut beatae iusto debitis. Dicta eaque est hic delectus molestiae hic ea. Porro libero expedita beatae.','1975-03-03 18:41:26'),(152,161,74,'Error aliquam odio accusantium necessitatibus. A vel rerum soluta voluptas. Voluptatem ex quis commodi vero consequatur necessitatibus. Repellat voluptatem eos cumque omnis nihil.','2003-04-08 00:27:49'),(153,137,16,'Consequatur placeat nesciunt amet ut. Ut numquam et aut veniam quas placeat ducimus. Suscipit ut qui velit qui voluptatem ut minima. Qui quisquam distinctio maxime eligendi unde beatae quia.','1980-02-15 16:15:23'),(154,108,61,'Temporibus non dolor porro aut blanditiis est sequi. Ex voluptas et sit culpa.','1970-10-17 09:31:46'),(155,144,99,'At sed ut rem culpa debitis est. Repellat est est accusamus odio voluptatem veniam numquam sit. Qui in excepturi iusto qui facilis vero itaque nam.','1989-07-21 05:54:00'),(156,137,55,'Earum nesciunt animi natus non. Porro alias doloribus et nostrum sapiente. Repellendus non blanditiis hic.','2016-10-20 16:24:10'),(157,128,93,'Voluptatem odit dolores cum voluptas voluptatum et expedita illum. Ut nesciunt molestiae quaerat unde.','2020-07-31 10:20:12'),(158,172,29,'Exercitationem aut odio quibusdam quasi ea officia. Qui quidem assumenda eum. Vero itaque sed et voluptatum cum minus. Voluptas necessitatibus incidunt exercitationem laboriosam.','1977-01-14 11:07:05'),(159,36,49,'Aut quibusdam facere est eos consequatur. Iusto sit alias dignissimos et ut sed eum. Sed exercitationem labore impedit odio consectetur ipsam voluptates quam.','2015-10-05 13:34:33'),(160,100,76,'Aliquid voluptatum voluptatum delectus ut corrupti non. Consectetur sed voluptas hic nihil accusantium et consequatur perspiciatis. Ratione omnis at vero. Non reiciendis ratione cum nihil.','1990-10-19 12:46:04'),(161,41,73,'Corporis excepturi doloribus modi assumenda sequi et cum. Qui sunt et consectetur et eum voluptatum ullam. Sunt quibusdam labore consequuntur est quis iusto sunt.','2011-12-29 05:26:54'),(162,81,20,'Delectus et est et exercitationem sunt. Et corporis nulla dolorem a eveniet consequatur quos. Numquam minus dicta quis vel aut aspernatur. Minima praesentium natus voluptatem.','2001-01-16 01:00:36'),(163,53,36,'Rerum corrupti fuga tenetur error molestiae sapiente nemo. Rem et accusamus eos ratione non eligendi. Veniam numquam perspiciatis ad corrupti soluta delectus molestiae. Repellendus ratione modi enim.','1980-06-28 12:36:09'),(164,158,74,'Tempore modi autem laborum consequatur adipisci voluptatem. Et voluptas iusto fugit dolorem quae ut dolor. Magnam reprehenderit explicabo enim porro.','1980-12-05 03:46:49'),(165,191,29,'Facere eum cupiditate velit ea voluptate nemo. Itaque ratione eum optio veniam. Et molestiae id molestias molestiae molestias.','2017-05-30 03:00:51'),(166,21,36,'Et ea distinctio veniam itaque et. Itaque vero exercitationem odio commodi porro voluptatum. Enim sint id quasi eius quisquam. Doloribus reprehenderit perspiciatis neque sequi quo.','2004-08-31 20:37:49'),(167,99,22,'Ut rerum exercitationem similique hic a quia illum ex. Aut aut dolorum fuga dolores. Ea ratione quis dolore.','2005-09-11 15:44:30'),(168,103,38,'Ab exercitationem facilis voluptates velit cupiditate quas. Cupiditate est amet consequatur et sed. Consequatur deserunt voluptatem est deleniti eos officiis. Cupiditate ratione earum illo debitis beatae ab commodi.','2008-10-02 11:38:16'),(169,69,17,'Sunt qui nulla sed vel. Natus unde modi non aut quia quae est. Rerum autem quae laborum. Consequuntur nihil tempora ad.','2001-07-15 01:06:33'),(170,109,62,'Dolor velit asperiores et exercitationem. Similique magni error numquam placeat quis deleniti. Qui soluta facilis sint eum quo.','1988-03-08 13:04:04'),(171,174,34,'Laborum harum quam omnis iure. Sequi aut assumenda repudiandae. Rerum culpa sit error harum quam totam at voluptatem. Cum amet sint occaecati rerum.','1993-07-31 08:26:16'),(172,66,2,'Itaque eos esse molestiae. Quis voluptates ut qui quod ab ut et consequatur. Rerum aperiam quas reprehenderit nam dolorem nihil. Qui doloribus dolore dolor enim eum commodi unde.','1984-04-06 03:32:47'),(173,38,2,'Voluptas porro praesentium omnis ipsum ipsam voluptas. Sit dolorem id dolore voluptate similique sunt et.','2016-10-29 02:32:44'),(174,5,57,'Quibusdam eos et consequatur laboriosam et nostrum et at. Fugiat repellat sint fugit maxime maxime perferendis aut. Sint veritatis odit facilis voluptates illo praesentium nobis architecto.','2009-06-07 19:32:01'),(175,63,64,'Rerum molestias maiores voluptas qui ratione. Quae deserunt exercitationem tenetur aut cumque. Eveniet mollitia quae reprehenderit. Dolore aut neque natus dolores.','2004-11-22 10:35:15'),(176,59,45,'Asperiores non ipsum doloribus rem sint nisi. Repudiandae delectus quia occaecati iure. Est explicabo ut a doloremque nemo quis. Delectus qui perferendis minima.','1992-11-17 03:20:02'),(177,163,53,'Cupiditate omnis molestiae dolorum. Saepe ea et voluptas dolorem. Odio necessitatibus dolores est praesentium eos.','1986-05-22 13:10:35'),(178,146,61,'Nostrum ut necessitatibus non et. Dolorum vel enim esse asperiores facere. Alias hic facilis omnis aliquam. Quae officiis ut eius sint laborum quia nobis.','1984-04-15 05:05:17'),(179,80,7,'Deserunt animi autem et velit sit. Dolore voluptate consequatur sed repellat qui et magnam. Sunt inventore nostrum exercitationem. Accusamus veniam quam qui sit nemo.','2017-09-14 07:05:14'),(180,195,74,'Qui iste illum voluptate id quo. Et et placeat eum autem. Unde repudiandae excepturi error vero. Ipsa quam voluptatem veniam deserunt dolores.','1976-09-18 14:32:27'),(181,197,63,'Commodi vero aut doloremque veritatis voluptatem nihil laboriosam. Sequi optio expedita cum dolore modi. Quo beatae explicabo dolorum. Saepe sed repellendus debitis molestias eius quia.','2002-07-26 10:20:22'),(182,152,8,'Repellat at consequatur odit et dolor. Nihil dolore nisi rem minima aut. Accusamus ex vel qui magnam soluta velit et aliquid.','1990-08-27 06:30:09'),(183,159,83,'Optio voluptatum quis ipsam dolorem cum provident. Ea et voluptatibus aut. Assumenda quaerat ut ea recusandae aliquam nisi. Hic dicta et sunt sapiente.','2010-06-10 07:32:41'),(184,124,37,'Et aut assumenda voluptas incidunt similique. Id itaque et est. Aut aut facilis adipisci tempore culpa sunt qui. Est distinctio quia voluptatum aut.','2015-10-04 22:09:52'),(185,1,68,'Et aliquid soluta sint provident distinctio cumque. Quas rem magni dolores recusandae soluta recusandae ea. Et ut mollitia consequuntur adipisci quis.','1970-08-24 00:33:35'),(186,5,10,'Aut id mollitia qui aperiam voluptatibus rem omnis. Aliquid eos quas corporis corporis. Molestiae sit aperiam eveniet quaerat repudiandae ratione quas. Natus quis eveniet nisi ab.','1970-01-17 15:45:58'),(187,103,53,'In ipsam nemo ex ut debitis architecto. Officiis illo molestiae eos libero. Magni magnam quisquam voluptates a qui.','1985-07-17 14:56:29'),(188,180,36,'Quis nulla asperiores dolorem. Delectus vero rerum quia voluptatem dolorem vitae qui. Suscipit delectus ea non laborum consectetur.','1998-01-27 06:59:21'),(189,123,37,'Dolores ut et est excepturi nulla ea. Et enim quam et suscipit ut laborum.','1973-05-05 03:31:57'),(190,134,6,'Qui aliquid ut id pariatur. Ducimus consequatur accusamus nostrum est ipsum ea enim rerum. Laudantium occaecati quam quia facilis doloribus architecto cupiditate. Pariatur aut quasi quia rem officia.','1972-06-10 13:42:30'),(191,31,98,'Similique sit explicabo nihil quibusdam ut. Doloribus eaque ut alias corrupti magnam dicta. Dolorum eveniet rerum assumenda.','2005-03-11 22:08:00'),(192,37,12,'Pariatur omnis sunt quidem laudantium veniam earum ut rerum. Consequatur delectus ipsa nam quis. Impedit quia nihil quam voluptatem aut blanditiis.','1992-05-04 11:09:56'),(193,183,70,'Rerum sapiente ratione eos repudiandae maiores ratione. Quos fuga harum nobis nobis consequuntur dolor. Debitis sed quas molestiae praesentium fugit. Eligendi dolore rerum ex delectus.','2008-02-01 13:39:41'),(194,176,56,'Praesentium id perspiciatis voluptatum occaecati quaerat ut. Debitis nulla quis quia iure cum. Numquam et voluptatum consequatur quisquam.','1982-05-20 06:52:53'),(195,24,81,'Explicabo sed quia doloremque magni doloribus. Ut ea quisquam temporibus similique dolorem asperiores maiores. A nihil velit voluptates accusantium. Voluptate veniam error aliquid dolor.','2005-01-22 07:31:08'),(196,133,82,'Quis et facilis quis dicta neque perferendis ut optio. Itaque et accusantium qui. Autem velit doloremque deserunt vitae deleniti quo id.','2020-02-26 21:18:47'),(197,9,8,'Labore dolore mollitia quo voluptas perferendis fugit aut. Aut sed voluptas voluptatem et dolorum numquam est. Dolor voluptatem optio nulla est repudiandae adipisci accusantium.','1973-12-20 04:54:39'),(198,147,36,'Sit quae non ut necessitatibus. Deleniti quasi itaque quis libero dolores. Temporibus vero perferendis natus id natus. Reprehenderit nam voluptate beatae quos.','1973-05-08 20:55:46'),(199,89,47,'Possimus aut dolorem rem qui quae. Voluptatum earum voluptatem qui. Repudiandae animi officia aliquid. Eos qui pariatur explicabo enim.','2004-08-02 21:07:05'),(200,21,24,'Neque accusamus nulla reprehenderit beatae quasi quod natus. Est ut rerum architecto et quis voluptas et ipsa. Et consequuntur similique laborum et perferendis laudantium doloremque.','2011-04-17 06:00:09'),(201,129,96,'Maiores mollitia facere dignissimos ut temporibus dolore ducimus. Autem in et qui dolorem. Sit dolorem rerum minus odio sunt odio adipisci voluptas. Et possimus exercitationem maiores.','1992-09-17 13:50:33'),(202,29,90,'Delectus possimus ab omnis. Dolorem qui dolore pariatur architecto dolor. Quia voluptas assumenda necessitatibus inventore tempore inventore.','1994-09-30 19:11:40'),(203,48,69,'Vel natus officiis rerum odit consequuntur. Animi aut aspernatur similique. Molestiae vero nam beatae deserunt nobis cupiditate autem.','1977-02-19 01:09:30'),(204,175,45,'Dolores nostrum aspernatur deserunt placeat voluptatem aperiam. Expedita molestiae officia cum mollitia aliquid voluptatum. Qui consectetur qui non recusandae omnis culpa aliquid.','1990-01-06 05:48:54'),(205,147,33,'Doloribus a eligendi distinctio. Pariatur sed molestiae qui voluptate necessitatibus et. Possimus in soluta voluptas laudantium quia quia.','1982-06-14 03:06:40'),(206,22,44,'Ratione non id non sint ducimus reprehenderit. Quas quibusdam omnis a culpa aliquid numquam nisi. Laudantium adipisci vel incidunt dicta et. Quae sed accusantium quaerat omnis. Optio est voluptatem neque mollitia laborum voluptates.','1975-05-08 01:13:01'),(207,171,46,'Sunt at doloribus inventore rerum. Est suscipit dolore debitis dolores. Magni veritatis et incidunt rem.','1996-10-02 20:38:08'),(208,57,67,'Temporibus voluptatem animi quis error tempore nemo. Ducimus corporis aut sequi sit. Sed perspiciatis quo autem et. Omnis voluptas quia at dolores saepe.','2002-05-15 00:48:51'),(209,152,21,'Non sint aspernatur nemo ut dolorum aut. Sit numquam nam est accusantium molestiae. Aliquam inventore aut alias aliquid doloremque velit aut. Voluptas sint aperiam nam voluptas necessitatibus voluptatibus sint.','1997-02-23 00:44:12'),(210,30,35,'Delectus quidem est illum placeat veniam. Omnis culpa qui eos ratione ut. Quis sequi eligendi ut rerum libero provident inventore.','2001-11-06 11:59:05'),(211,71,91,'Qui tempore illo facilis ex sit sed temporibus. Dolores facere est vero quia sed nisi corporis. Facilis et quia officiis nam voluptates aut vitae. Atque nemo enim veniam voluptatem.','2006-03-09 10:24:47'),(212,89,79,'Atque pariatur molestiae quo. Ea nemo similique magni consequatur qui quo. Sunt molestiae aliquam ut voluptates commodi perspiciatis adipisci. Et voluptates minima rerum blanditiis voluptatem repellat laboriosam.','2019-08-05 12:54:23'),(213,2,52,'Sit qui quia voluptatem officiis. Recusandae eaque eum ut consequatur nostrum nobis ut. Rerum dolorum dolorem reprehenderit quasi voluptatem. Rem qui error quos maxime saepe reprehenderit sit.','2011-06-30 07:54:39'),(214,174,1,'Soluta ullam dolor id. Quo nihil odio reiciendis dolor doloremque quia. Beatae quibusdam aperiam voluptatibus praesentium voluptatem laborum earum.','2013-08-08 18:54:27'),(215,28,19,'Unde et dicta dolores inventore velit. Earum aut labore voluptatum ex eius. Ipsam rerum dolores est omnis.','2006-05-01 15:25:43'),(216,82,82,'Molestias eum vero eum nobis labore id. Sint quo sunt aut quaerat sit sunt accusantium ullam. Error laborum et rem sint. Modi eligendi tempore modi ipsam consequatur praesentium. Veniam laboriosam non explicabo molestiae non.','2020-05-19 22:38:19'),(217,135,42,'Dolores mollitia consequatur ea. Ab omnis reprehenderit dolore libero minus labore earum. Deserunt reiciendis aut quod porro laudantium.','1976-04-01 20:57:25'),(218,136,13,'Occaecati excepturi voluptatum numquam eligendi nihil ducimus. Voluptatem quia suscipit praesentium nesciunt unde provident molestias. Dignissimos eius dolor et quo veritatis non.','1986-05-05 19:00:19'),(219,174,97,'Ut maxime ipsa tenetur eum. Necessitatibus quas recusandae vel ut. Sint nostrum sed at eos.','2000-07-06 09:11:10'),(220,117,71,'Veniam reiciendis officiis eos libero numquam molestiae. Est asperiores quae odit quis dolores et quisquam. Quas et ad autem assumenda. Assumenda vel velit omnis voluptas ad.','2009-12-24 07:12:04'),(221,128,99,'Itaque voluptas maxime architecto. Aut expedita vero autem et nostrum repellendus non repellat. Voluptas sint earum quia vero ex. Inventore deserunt et doloribus exercitationem atque dolores id. Voluptate adipisci nemo et eum aliquid quo.','2006-04-17 07:05:53'),(222,47,26,'Rerum earum qui impedit molestias quisquam repellendus ut. Id dolorem beatae in et non sed consequatur. Distinctio atque architecto harum. Magni ex atque soluta harum est doloremque.','1990-01-28 21:51:00'),(223,27,90,'Sint est repellendus magnam. Eos consequuntur voluptatem qui qui molestiae mollitia. Eveniet odio consectetur non quaerat voluptas. Ex suscipit est architecto et. Et incidunt cupiditate et doloremque.','2019-06-06 12:05:46'),(224,33,69,'Dignissimos possimus non itaque eligendi exercitationem et. Praesentium modi accusantium aliquid et illo. Possimus itaque et exercitationem quae recusandae autem nihil.','1998-03-28 20:04:16'),(225,84,73,'Incidunt modi dolore animi facere in. Id minima in iure aut quis totam temporibus. Laboriosam adipisci est eos et voluptatum reiciendis officia rerum. Quibusdam adipisci itaque vel. Sed voluptatem corporis facere ab.','1998-10-13 14:07:52'),(226,158,76,'Aliquid voluptatibus iure dolorem mollitia ut sint nesciunt. Rerum molestiae atque consequatur iusto cupiditate. Dolores aut vel sed recusandae.','1980-08-31 19:45:55'),(227,116,19,'Ratione ullam in tempore neque a nemo iusto vel. Veniam et commodi rerum excepturi voluptatem qui vel non. Consequuntur non temporibus qui. Reprehenderit ab unde voluptatem iste.','1991-09-11 06:35:51'),(228,102,56,'Iste quisquam voluptatem perferendis saepe. Dolore omnis repellat laboriosam at. Eius ipsam mollitia sunt. Officia et optio consequatur. Architecto alias et quo aut culpa.','1990-11-03 18:42:33'),(229,59,75,'Et eum sit earum tenetur omnis. Omnis accusantium molestiae molestias consequuntur sed. Et et qui sit beatae rerum. In mollitia iure itaque perspiciatis ut ut. Est commodi iusto error veniam odio numquam.','2007-03-18 19:02:07'),(230,143,37,'Et aliquam odit ducimus repellendus corporis omnis sint. Rerum voluptatem occaecati harum hic quia facilis dolores et.','1991-11-29 13:38:11'),(231,95,58,'Quis accusantium quod veniam harum quasi. Magni nemo qui neque necessitatibus eum voluptatum consequuntur. Ea est vero cupiditate ullam voluptates.','1988-12-25 20:10:42'),(232,55,26,'Temporibus nam id sit omnis provident non deleniti quo. Corrupti voluptas sunt illum magnam. Vel quasi laborum eligendi harum similique dolor.','1994-04-27 07:50:45'),(233,29,77,'Autem vitae harum iusto dolores enim aspernatur. Ex voluptas adipisci voluptatibus veritatis nisi non. Est enim quos molestias repudiandae a sunt. Nihil voluptatem eius dicta repudiandae consequatur vitae eveniet. Qui fuga aliquid unde deserunt.','1983-04-21 16:41:53'),(234,156,94,'Possimus numquam quia quo ipsam. Numquam voluptatem maiores quia nesciunt fugiat tempora alias. Modi eum quo id beatae aspernatur aut. Accusamus unde quis tempora quia eos.','2000-11-02 14:54:07'),(235,136,78,'Tempore ullam nam aut quidem sint et. Reiciendis consequuntur deserunt est ut qui ut rerum minus. Exercitationem suscipit sed ex quisquam quis sint perferendis. Aut reprehenderit magni sit aut voluptas.','1977-02-15 01:05:47'),(236,137,82,'Odit autem voluptatem et aut. Mollitia eos iste repudiandae repellat omnis dicta. Natus laborum blanditiis voluptas. Commodi ut laudantium in voluptatibus sit ipsam ut. Voluptates doloremque eveniet tempore maiores cupiditate.','2009-08-04 01:16:28'),(237,26,16,'In illum ipsum et. Minus omnis corporis voluptatibus quis dignissimos maxime. Et ratione fugiat ullam et sed blanditiis. Maxime earum dolores aut expedita ut.','2008-08-04 13:24:24'),(238,76,61,'Soluta aspernatur ut architecto enim id reiciendis. Fuga deleniti et consequatur est autem sed accusamus. Tenetur quidem quidem id aut maxime. Fugit est id amet magni molestiae officiis et.','2012-08-02 15:53:43'),(239,55,12,'Dolore alias id excepturi iste et et. Voluptas rerum dolores similique ut laborum. Natus aut explicabo consequatur quidem. Et est eligendi ullam.','1981-10-20 10:24:31'),(240,153,89,'Deserunt officia non cupiditate voluptas eos odit aliquam. Similique rerum rerum error corporis eum sit. Itaque voluptates ut quia voluptatem molestiae.','1972-11-29 12:25:06'),(241,46,89,'Fuga error quaerat repudiandae voluptate et rerum eum. Quia velit magni nemo rerum quo qui sapiente.','1976-09-17 02:17:37'),(242,52,8,'Ea pariatur eos maiores consequatur. Nihil omnis voluptas aut eius cupiditate necessitatibus et. Fugit laudantium amet et autem. Nobis culpa ut aut quae saepe maiores.','1988-09-19 02:22:24'),(243,186,38,'Nihil omnis ut necessitatibus laudantium enim dolorem quisquam. Quia esse quasi eos doloremque reiciendis dicta eos voluptatem. Incidunt optio unde ratione quibusdam.','2016-02-19 07:56:10'),(244,168,94,'Aut rerum est magnam. Commodi ut molestiae adipisci iste nam recusandae amet. Nesciunt officia rem consectetur autem corporis. Molestiae quam facilis odio eaque voluptas tempora laborum. Totam error molestiae corporis consequatur est voluptas.','2009-01-22 07:59:26'),(245,55,67,'Officia ut fuga labore hic necessitatibus. Atque optio illum doloribus ut voluptas. Qui mollitia laboriosam provident quis eius. Est iure dolores earum.','1998-03-22 22:47:10'),(246,118,80,'Id nemo delectus recusandae eum. Sed qui quia qui earum ea tempora eaque. Exercitationem pariatur voluptas eum enim. Maxime doloribus molestiae nisi et quia.','1983-01-09 15:06:21'),(247,144,83,'Fugit error deleniti non aut tempore sit. Omnis voluptate quam esse modi sed ullam est. Sequi explicabo iusto sunt natus dicta doloribus natus. Molestiae veniam hic non ipsa laborum.','1979-11-05 14:05:56'),(248,117,44,'Officia labore explicabo corporis. Ad nobis odio eos voluptatibus rerum ad. Fugiat ab qui et enim quis voluptate aut. Neque quia sed distinctio molestiae quaerat voluptatibus.','2013-04-22 14:50:07'),(249,128,94,'Deserunt id fuga consectetur. Fugit et est modi optio reprehenderit. Tempore dolor dolorem vero iste ullam repellendus maiores.','1996-02-07 05:12:51'),(250,102,9,'Quia quibusdam ratione nemo quisquam occaecati porro aut. Autem accusamus magnam numquam laudantium aspernatur at. Tempora sit numquam in possimus aspernatur quo. Dolor ea laboriosam sunt magnam.','1995-08-22 08:11:00'),(251,125,7,'Et voluptatum voluptatem consequuntur et aut quis ullam nesciunt. Aut repudiandae velit voluptatem consequatur qui facilis amet. Autem non quis mollitia possimus ipsam architecto corrupti quibusdam.','2010-03-01 04:04:47'),(252,24,65,'Ullam nihil adipisci quibusdam et accusamus saepe. Beatae aperiam maxime quae dolorem aut alias. Nam hic fugiat dolores aut.','1977-05-16 00:53:08'),(253,145,88,'Reprehenderit architecto inventore placeat. Perferendis quasi quae vel. Repellendus nulla quibusdam odit nisi quia commodi. Nulla provident ut at totam.','1994-12-25 09:41:31'),(254,97,16,'Porro illum quidem quas nam. Officia id harum voluptate veniam sequi qui. Ex voluptatum quae dolorum aliquam rerum. Magni enim facere voluptatem iste dolore autem sapiente.','1982-05-07 03:29:26'),(255,186,92,'Harum itaque omnis et reiciendis eos dolore. Consequuntur et recusandae laudantium tenetur. Blanditiis delectus nostrum placeat commodi eveniet qui.','2011-03-12 22:11:23'),(256,134,6,'Dignissimos sit sint ut aperiam velit placeat saepe ut. Quia est omnis voluptatem consectetur. Tempora accusamus illum sit sit cumque ullam corporis. Culpa eaque qui accusamus provident.','2001-01-06 04:32:46'),(257,100,45,'Voluptate totam et corrupti ipsum at. Consequatur omnis quibusdam eius. Quibusdam fugiat earum aliquid voluptates ut ut eos. Repellat ratione rerum ut cum et sit voluptates. Eaque vero explicabo magnam sunt.','1998-09-17 08:45:27'),(258,4,30,'Nesciunt quos quia doloribus voluptates. Non doloremque error autem debitis aspernatur velit. Illum rem nisi eaque fugit dicta quas pariatur quibusdam.','1983-06-09 08:53:14'),(259,3,85,'Autem perferendis exercitationem doloremque reprehenderit ducimus mollitia voluptas. Ut aut esse quod. Aut minus eum minus architecto est cupiditate. Consectetur voluptate dolorem maiores et quisquam vel nobis.','1970-08-13 07:08:02'),(260,86,75,'Dolorum voluptas modi nemo autem debitis. Corrupti facere voluptas reiciendis odio sit beatae molestiae. Ad dolores est nisi incidunt est nesciunt. Facilis aut molestias natus totam fugit qui voluptatibus.','1989-12-31 10:19:50'),(261,61,74,'Possimus facere quia veniam esse quas nisi iste tempora. Voluptas qui velit occaecati sunt. Enim qui qui fuga eligendi.','2015-01-25 13:05:38'),(262,57,41,'Iusto quas nisi ut id hic. Aut perferendis qui harum eos quas vel sed. Aut voluptatem laudantium iusto nobis est deleniti. Velit qui hic inventore.','1985-02-23 12:40:55'),(263,34,62,'A delectus cum et aspernatur amet fuga velit. Necessitatibus dolor repudiandae reprehenderit et velit quod aperiam necessitatibus. Esse et in quos eos sit eius nihil provident. Exercitationem modi molestias aliquam omnis in voluptatem necessitatibus.','2020-05-10 14:45:17'),(264,122,24,'Nam ratione tempora totam reiciendis quia aliquid. Quia alias unde in aut. Et itaque dolorem molestiae velit consectetur.','1981-09-25 09:49:07'),(265,16,11,'At et tenetur debitis sunt cum vitae. Dicta officia deserunt nemo sint. Sint qui voluptatibus hic.','2015-01-29 09:26:04'),(266,84,66,'Libero laboriosam tempora sit fugit ipsam sit consequatur. Cupiditate consequatur et optio autem dolore itaque odit. Reiciendis asperiores minima eius molestiae expedita repudiandae deleniti.','1992-06-12 13:32:35'),(267,1,71,'Qui inventore dignissimos et recusandae ut. Et dolores hic ratione non blanditiis qui excepturi. Unde dolores quaerat iure quidem asperiores.','2020-02-25 10:41:46'),(268,137,66,'Dolorum labore quis quo assumenda beatae in. Ipsam qui quos est nemo. Maxime blanditiis quidem corporis et vitae asperiores ullam.','2006-11-29 16:06:21'),(269,155,18,'Consectetur consequuntur mollitia exercitationem voluptas dignissimos aut. Modi itaque aut voluptatem quam quasi. Laudantium sint et libero incidunt consequuntur.','2016-04-22 21:51:33'),(270,52,56,'Et nemo incidunt dicta et alias vero. Vel nulla doloremque error explicabo. Odit exercitationem aut rerum odit incidunt dolores. Commodi adipisci est alias modi.','2004-01-04 01:43:43'),(271,42,4,'Dolorum est et atque vel error sit. Tempore labore alias sunt quidem saepe rem culpa. Explicabo sit est exercitationem dolorem. Porro est praesentium dolor quos ut enim et.','1974-11-11 08:10:05'),(272,87,49,'Et molestiae voluptas numquam sapiente quidem deserunt. Dolor ut animi quia ut. Vel consequatur voluptas occaecati voluptatem tempora deleniti veniam. Consequatur ratione corrupti et dolorum et in eius.','2012-02-17 18:51:41'),(273,136,33,'Odit neque adipisci veniam repellat nam asperiores. Quidem temporibus odit officia voluptatum incidunt in dolorem rerum. Maxime eum sint qui ducimus voluptatibus itaque laudantium ut. Temporibus debitis et nihil tenetur officia distinctio libero.','1997-11-13 10:30:58'),(274,58,94,'Fugiat quis illum necessitatibus eligendi hic nam. Repellendus id et voluptates vel et omnis impedit. Voluptatibus tempora sed deserunt id assumenda.','1983-09-18 19:28:08'),(275,86,8,'Et hic quis aut vel adipisci labore aut. Aut dolor dolor ipsam animi architecto nemo aut voluptate. Libero velit et voluptatem sed.','2008-04-10 21:37:59'),(276,121,75,'Eveniet eaque et nihil et nesciunt ipsa consequatur. Adipisci et quo dolorem omnis ea soluta sint. Ab sit debitis sint ipsa illo.','2013-12-10 22:04:48'),(277,57,16,'Quos rerum velit tempore aspernatur magnam itaque et. Sed ut incidunt adipisci iusto dolorum eum eos animi. Odio velit facere illo fugit. Ipsa eligendi et iusto eos adipisci sint id aut.','2020-01-04 05:02:58'),(278,157,82,'Ducimus laboriosam ut voluptatibus corrupti. Sed assumenda facere quae earum voluptatem dicta. Occaecati fugiat dolore alias aspernatur non culpa quas.','2015-06-24 19:24:45'),(279,153,94,'Voluptatem est fugiat quo voluptatem facere. Natus qui error veritatis nihil. Quod labore ratione debitis numquam et eos.','1974-03-19 18:00:52'),(280,23,47,'Sed tenetur iure voluptate perspiciatis provident impedit molestiae. Occaecati excepturi ut quia quisquam. Animi ut iusto aut et dolor.','1990-01-13 08:58:29'),(281,100,33,'Dolorem accusantium sed a quia vero qui amet. Natus et accusantium rem id. Ut eos et natus.','2003-10-13 03:49:43'),(282,45,14,'Quam odio voluptatibus qui necessitatibus. Et provident eos accusantium vel ut. Qui blanditiis consequatur voluptatem sit ea consequatur.','1984-09-15 09:26:52'),(283,125,33,'Ea molestiae expedita aut beatae assumenda. Ut officia enim enim impedit alias dolorem deleniti. Ut doloremque commodi tempora ad eaque voluptas est.','1996-08-27 19:07:31'),(284,89,42,'Soluta quibusdam voluptatum ex ut aut sunt. Velit optio nostrum at. Repudiandae iste quidem impedit pariatur et et.','2006-05-26 19:05:12'),(285,119,7,'Dolor inventore facilis qui quia dignissimos fuga quos. Sit molestias corrupti ad enim. Totam incidunt pariatur quos nostrum suscipit voluptate. Quo accusamus rerum officiis blanditiis et. Qui eligendi culpa non officia tempora quasi quae exercitationem.','1976-11-14 15:01:01'),(286,31,25,'Sed voluptatum a hic quod molestiae eum dolores ullam. Ipsa est deleniti inventore qui. Cupiditate possimus architecto et distinctio soluta sit.','1981-05-19 07:13:12'),(287,53,29,'Eius sunt at qui itaque dicta suscipit. Itaque sequi quia et libero. Maxime totam doloribus non repudiandae eum velit dolorem perferendis.','1983-12-09 16:11:36'),(288,133,2,'Aliquam dolores tenetur quia quasi reprehenderit. Pariatur soluta distinctio est nesciunt ut labore temporibus. Omnis aliquid velit aut sequi quas vero. Eaque magni libero officiis est eos voluptatem ea. Omnis placeat perspiciatis magnam.','1999-01-18 01:24:53'),(289,63,31,'Similique aut quia assumenda exercitationem sed. Sit repellat veniam aut. Quo aut sunt dolores suscipit minus.','2013-07-20 23:05:02'),(290,156,80,'Ut laudantium quo rerum adipisci repudiandae similique. Officia et id qui cupiditate ab. Rem facilis provident unde eligendi dolor. Qui aspernatur mollitia ea laboriosam eum.','1996-04-13 16:10:05'),(291,20,4,'Consequatur non dolorem nobis et. Aut et modi eum in modi dolorem autem. Esse veritatis quos aut rerum omnis veniam. Fugiat a veritatis aspernatur neque quod quos architecto.','1989-12-18 17:43:47'),(292,35,55,'Maiores maxime perspiciatis et voluptatem nihil consequatur iusto. Et cum quasi vel sapiente dolor. Quod vel hic dolorem laudantium repellendus.','1994-03-01 17:43:22'),(293,110,38,'Ut ratione illum et. Quasi aut cumque dolorem ut quisquam. Non eligendi optio qui perferendis.','1991-11-01 11:06:43'),(294,75,82,'Nisi assumenda veniam voluptatum tempora voluptas reiciendis. Pariatur soluta tempora quia aut. Sint consectetur aut et adipisci hic. Cumque est magni labore aliquid explicabo quibusdam.','2010-08-29 01:19:40'),(295,97,48,'Velit expedita ut in qui. Esse architecto et dolore doloribus unde qui. Reprehenderit id numquam iste ea.','2019-02-07 03:58:54'),(296,141,61,'Laboriosam autem id excepturi in eos facilis. Iste modi incidunt qui ipsa quo natus iste est.','2016-12-04 16:55:15'),(297,125,66,'Inventore aliquam minus sed. Voluptatum voluptates velit officia occaecati est. Dolorum adipisci eum quia omnis. Tempore sint illum maxime esse cumque doloribus magni.','2008-06-27 16:43:31'),(298,161,85,'Dolorem unde et quia suscipit nisi libero dolorum. Numquam nesciunt et expedita. Eligendi et illum dignissimos fugiat et assumenda suscipit.','1982-12-14 10:36:17'),(299,181,76,'Ut consequatur illum et aut distinctio. Voluptatem aliquid odit facilis sequi. Aperiam animi temporibus reiciendis quo fugiat unde autem.','2004-11-01 09:28:49'),(300,131,29,'Aut ipsa aut pariatur vel aut delectus. Quas non quibusdam tempora est nam. Nostrum dolore aut ea officia velit. Sapiente eum nihil quidem incidunt sit.','2015-08-04 04:19:17'),(301,22,44,'Dolore sit aut deleniti et. Culpa eum accusamus est laudantium modi mollitia voluptas. Tenetur fugiat doloribus dolorum delectus id totam provident sit.','1989-06-02 12:10:15'),(302,7,73,'Quos quas nostrum est unde quos. Recusandae officia officiis qui qui libero. Sunt suscipit voluptas ea saepe ipsa. Quis odit fugit optio non ipsum velit. Consequatur magnam sed praesentium.','2000-11-20 20:11:34'),(303,195,100,'Aut repudiandae porro nobis sed suscipit maiores nobis. Sit dolorem eum qui expedita totam sint reprehenderit. Exercitationem recusandae est quo sit. Minima dolor aut debitis.','1979-07-19 11:38:53'),(304,193,44,'Sit voluptatem vitae sunt sint rerum facilis. Nesciunt ipsum blanditiis enim corporis doloremque et. Possimus est quo beatae non distinctio laboriosam assumenda. Doloribus iusto magnam esse est harum.','2018-04-05 08:43:44'),(305,192,5,'Inventore possimus labore est quia. Necessitatibus voluptatum ea voluptas sit pariatur sapiente vel. Autem perferendis qui totam cum voluptate ratione.','1998-12-10 13:46:44'),(306,105,21,'Occaecati cum minima neque consequuntur consequatur et corporis. Nisi veritatis et nobis. Dolorem aut ratione iste doloremque officia quasi ipsa. Et rerum tempora et voluptas est sint nam.','2003-12-11 01:59:24'),(307,152,90,'Voluptatem doloremque aut ut beatae. Mollitia rem assumenda qui qui. Accusamus totam dolorem expedita corporis blanditiis laborum. Aliquam cum quod non quia aut molestias eos distinctio.','1974-12-07 04:42:30'),(308,44,53,'Atque non consectetur est magnam perferendis sit repudiandae. Voluptatem quidem autem numquam maxime quidem ea dolores. Sed totam quia possimus id ullam ut. Est dolores velit eos qui est magni in.','2003-11-01 07:44:40'),(309,57,89,'Aut soluta aut earum deserunt non. Voluptas nihil animi maiores repellendus. Rem optio officiis modi similique quam. Fugiat soluta facere omnis dolorem.','1985-08-08 17:27:55'),(310,19,95,'Odit id eligendi nisi aliquam aut. Quia explicabo eum voluptatem quis culpa. Quia corrupti ab et maiores. Iure quis et nostrum et labore est voluptatibus.','1973-06-12 04:50:17'),(311,5,5,'Aliquam autem aut ex ipsam voluptatem ipsam. Minima aut vitae sequi explicabo. Pariatur sit esse saepe officia porro. Velit odit earum animi recusandae iure magni occaecati.','1976-11-17 01:57:58'),(312,153,20,'Aut exercitationem autem quos. Praesentium voluptatem architecto deleniti iusto maxime eum. Deserunt vitae dicta soluta non ut hic. Dicta doloribus quis ut exercitationem ut praesentium.','1999-02-16 01:22:33'),(313,162,72,'Magni minus praesentium quae quas pariatur placeat. Dolore ipsum in aut sint eaque non. Voluptatem nostrum aperiam odio alias non in expedita illo. Modi beatae magni animi ducimus doloremque voluptatem sint laborum.','1981-11-04 15:45:53'),(314,62,36,'Corporis sit et quia quibusdam reiciendis. Ut sed quo eveniet quia. Libero suscipit quae et hic vel.','1999-04-25 15:00:05'),(315,93,9,'Fuga et quo ut accusantium. Sint perspiciatis sint dolorum sunt ab. Et dolores ut dolorem similique assumenda dicta. Velit id itaque tenetur.','1977-12-30 02:42:22'),(316,56,35,'Laboriosam doloremque numquam dolores ipsam. Magni accusamus animi quidem voluptas. Veritatis vitae est et quia molestiae.','2018-06-05 22:11:14'),(317,6,69,'Id vel deserunt labore aperiam exercitationem commodi et sint. Beatae praesentium assumenda inventore dolores officia dolore quibusdam. Perspiciatis reprehenderit illo deleniti consequatur sed quibusdam. Dolorem iusto distinctio nihil. Explicabo eveniet e','2020-03-03 23:12:53'),(318,185,52,'Et quidem alias repellendus quis consequatur laborum ducimus. Quos hic harum et praesentium. Necessitatibus sit consectetur qui ullam nihil. Deserunt nesciunt animi a sunt non rerum. Fuga placeat quo deleniti voluptates aliquam aut vel minus.','1984-05-13 11:49:48'),(319,9,31,'Animi sed corrupti maxime possimus. Pariatur placeat quo molestiae sequi odio. Sequi eaque veritatis ipsa est tenetur ipsam.','2004-08-09 12:03:39'),(320,63,3,'Officiis eligendi quos qui ut. Vel est nobis aliquam magni. In ipsam ex quos quia omnis perspiciatis voluptas. Ipsam consequatur similique earum totam.','2018-10-14 14:28:31'),(321,84,98,'Sed ipsum delectus minus minus praesentium repellendus nihil. Tempora sed et et repellendus praesentium. Ad commodi velit ut et et eligendi architecto.','2017-06-09 23:27:08'),(322,102,35,'Qui voluptas ea ut. Possimus iusto eos necessitatibus numquam repellat. Cumque accusamus libero nulla unde repellat odio ullam sit.','2020-10-09 00:11:09'),(323,126,79,'Non aliquid illum sunt deleniti harum eum. Est consectetur adipisci sit dolor eum. Fuga autem mollitia et quia est molestias. Praesentium nisi dolore ipsam laboriosam dolorem in.','1977-12-08 10:24:47'),(324,142,65,'Ipsum et ut nemo id sequi cupiditate. Quod autem aliquid ut commodi voluptatem perspiciatis aspernatur fugit. Reiciendis quae asperiores eveniet recusandae.','1996-01-18 12:58:52'),(325,2,95,'Qui occaecati eveniet laudantium aperiam ut. Repellat suscipit nemo eius. Ducimus praesentium fugiat placeat labore sint. Et eos omnis quia vel non laboriosam et.','1979-06-14 16:32:40'),(326,85,37,'Non quisquam velit blanditiis dolores. Saepe unde cupiditate quae velit consequatur.','1996-12-11 12:31:41'),(327,155,93,'Dicta necessitatibus vero maiores recusandae omnis ipsam. Asperiores cumque voluptatem aliquam quisquam occaecati sit.','2020-03-29 13:40:12'),(328,117,97,'Corrupti delectus impedit veniam odio ut soluta accusantium. Recusandae numquam possimus dolor officia veritatis. Non ex totam voluptatem et ipsam sit non iure. Voluptatem quo atque dolores natus et ea quas.','1971-09-26 15:32:01'),(329,115,63,'Molestiae quia tenetur voluptas nostrum autem perspiciatis odio quae. Rerum veritatis eaque ea ut et dolorem et modi. Possimus qui occaecati exercitationem laboriosam necessitatibus ut delectus et. Et modi qui omnis deleniti rem.','1976-02-21 08:47:15'),(330,52,71,'Quaerat voluptates quidem in non ut possimus. Vel voluptatem necessitatibus ea molestiae. Illo minima ut saepe excepturi maxime. Deleniti aperiam repellat animi et.','1977-07-04 22:05:09'),(331,81,91,'Ex tenetur aliquam deserunt ducimus voluptas non. Iure exercitationem voluptas itaque aliquam autem. Velit sapiente et ratione expedita occaecati. Voluptatem quas adipisci quis dolorem.','2000-10-14 08:29:19'),(332,94,55,'Voluptate ab blanditiis cupiditate cupiditate quod ut. Ab distinctio unde enim eveniet ut sunt. Minima odit unde reiciendis nostrum qui eos dolores debitis. Quaerat dolores magni eum ut dolor sed eum.','2007-06-11 06:43:50'),(333,4,37,'Cum ipsa molestias saepe delectus unde. Accusamus beatae quam provident cumque. Et animi aut iste. Omnis atque nisi non aliquid dolor.','1984-06-21 16:34:11'),(334,144,40,'Sed facilis suscipit dicta aut autem optio. Est laborum aut non quis nemo modi consequatur. Et earum non dolor temporibus et dolor nulla. Eius nostrum atque accusantium consequuntur sequi.','2020-12-26 20:13:37'),(335,134,28,'Eius quae porro vero qui est accusantium adipisci. Accusamus provident molestiae consequatur et temporibus voluptatum. Aut aliquam ipsa laudantium. Labore minima a aut expedita earum impedit distinctio.','1982-03-09 15:10:15'),(336,40,33,'Voluptatum suscipit aut id quibusdam et in. Voluptatem officiis cumque tempora occaecati hic accusamus est fugiat. Vel minus dolorum voluptates nisi fugit occaecati. Voluptatem qui occaecati et reprehenderit sed.','1972-06-26 05:01:03'),(337,184,49,'Dolores ullam quia quia sequi et culpa minima. In non voluptas quas sit. Consectetur ullam ut vero itaque doloribus. Veritatis velit quo eius repudiandae. Explicabo ex qui ducimus quas.','1989-12-18 20:28:09'),(338,178,53,'Ut natus amet ea facilis repellat. Autem sunt aut eos necessitatibus quia voluptas. Consequatur quia a voluptatem sed ipsa nihil placeat. Nihil odio consequatur quia ipsa voluptatem dolore consequatur.','2015-12-06 17:15:12'),(339,166,100,'Asperiores et provident id quasi animi rem. Ad dignissimos corrupti natus quibusdam molestiae.','1984-01-28 15:43:38'),(340,152,70,'Laudantium voluptatum molestias molestiae illum est. Quaerat excepturi exercitationem perferendis consequatur impedit. Impedit consequatur perspiciatis voluptas et aliquid ad earum. Laudantium eos voluptate officiis deleniti expedita sit.','1995-04-02 13:27:22'),(341,37,50,'Sunt non consequuntur ipsam ad et aut velit. Quam fugiat perspiciatis voluptatum commodi optio et ut. Non aut omnis odio ipsum. Nostrum numquam aliquam doloribus quasi.','1978-07-18 07:55:27'),(342,108,31,'Veritatis id soluta non hic est commodi ratione. Voluptate eum mollitia rerum molestiae aut magnam. Iure doloremque id quia et.','1983-12-23 18:35:34'),(343,99,16,'Quaerat ratione voluptatem deserunt eum sapiente nulla. Non quo et cumque ut eos. Sint tenetur culpa sint aliquam debitis asperiores. Natus quia et inventore voluptate nesciunt praesentium voluptatem velit.','2004-04-20 18:20:15'),(344,162,65,'Rerum sed autem porro quasi inventore et. Dolor assumenda totam dolor beatae debitis numquam eos.','2012-06-27 22:54:04'),(345,48,40,'Tempora assumenda iure eum ab. Non a inventore et autem sit nihil voluptatem. Corporis eius maxime quasi accusamus.','2007-10-01 19:16:20'),(346,18,47,'Omnis possimus inventore modi officia occaecati ut repellendus. Aut et voluptas consequuntur est omnis. Qui neque excepturi laboriosam sint non.','1984-07-21 06:14:54'),(347,34,84,'Asperiores hic nihil cumque ipsam enim quisquam sint. Voluptas dolorum et blanditiis sed dicta labore. Et molestias fugit dolore. Ea veritatis corrupti repellat est tempore optio.','1994-12-05 02:29:27'),(348,195,17,'Velit consequuntur consequatur dolorem ex. Rerum inventore quae eligendi magnam assumenda. Est repudiandae ut dolor quisquam perspiciatis consequatur et.','1982-02-10 10:32:44'),(349,46,58,'Corporis eum ducimus praesentium ut et. Quam aut qui et omnis impedit eos. Possimus totam voluptates ipsum totam aut. Ut pariatur molestias eum velit quo nulla nesciunt ut.','2004-06-10 06:37:24'),(350,178,19,'Et incidunt sit aut. Sit et aliquid repellendus nostrum. Molestias reprehenderit ducimus in qui.','2009-05-19 04:42:58'),(351,30,42,'Minima voluptatum distinctio perspiciatis et. Numquam ut et magni illum dignissimos totam. Maxime et in hic quia.','1998-10-08 16:29:29'),(352,88,18,'Reprehenderit repellendus et explicabo tempora ea. Et vitae vel voluptatibus et. Atque cum rem praesentium sint rem ipsa libero qui.','2004-11-09 19:23:15'),(353,150,91,'Ut laudantium aut aut pariatur magnam molestiae. Itaque reiciendis et rerum quasi et vero eaque eligendi. Deleniti ratione voluptates earum minus rerum neque cum. Incidunt aliquam ipsum adipisci quo odio quae. Et similique id voluptas quia consequatur ten','1981-05-11 23:07:28'),(354,13,71,'Accusamus laboriosam voluptatibus dolor ipsam. Architecto omnis facilis laborum porro fuga sint. Voluptas aut earum pariatur in error illo quis. Nihil vel reiciendis et tenetur et alias.','2013-07-12 15:00:42'),(355,67,56,'Aut non et omnis. Commodi consequatur reprehenderit totam ab fugit.','1991-07-16 16:19:17'),(356,150,15,'Sunt cum quod accusamus qui odio doloremque. Omnis rem voluptatibus dolorem molestiae iusto vel quae. Eos culpa asperiores ullam dolore omnis quisquam.','2011-12-18 18:40:13'),(357,37,29,'Accusantium sapiente voluptatum aliquam. Ad necessitatibus cupiditate reprehenderit nam dolorum qui doloribus et. Qui minima aspernatur ducimus esse quas molestiae. Voluptate molestiae sit voluptas amet id repellendus.','2010-03-18 05:29:42'),(358,24,31,'Porro accusantium rerum voluptate sunt et illo quis velit. Voluptas incidunt vitae dignissimos et deleniti. Qui tempora iusto doloremque maxime et quaerat. Velit odit maxime nihil in eos eveniet veniam quia. Velit voluptate et ratione in provident ad.','2016-11-30 22:04:49'),(359,164,10,'Architecto impedit vitae illo soluta saepe neque. Ut nostrum architecto qui deserunt placeat nesciunt in. Asperiores est reiciendis et sapiente fugiat.','1983-09-02 03:00:02'),(360,173,63,'Vero soluta aspernatur quasi qui corporis et reiciendis. Asperiores repudiandae omnis in accusantium autem quam aliquid. Amet explicabo enim illum dolorem. Quae fugit qui omnis maiores repellendus excepturi laudantium. Reprehenderit ducimus et ut et occae','1970-12-08 01:54:39'),(361,111,90,'Aliquam vel soluta quae et harum. Ut et fugit voluptas voluptatum error. Quae voluptas sit eveniet dolores qui. Itaque quae perferendis voluptas.','2006-08-17 13:35:00'),(362,84,29,'Et omnis beatae est et odit. Aperiam rerum neque dolor nihil accusamus et. Iste quaerat dolores reiciendis sunt. Inventore amet ullam repellendus praesentium molestias explicabo ut.','1986-04-16 19:56:04'),(363,154,93,'Ut quia neque necessitatibus aliquam accusamus. Laboriosam rerum aut asperiores voluptates rerum. Tenetur quod deserunt deleniti nemo labore quia cumque.','2011-10-23 20:59:17'),(364,179,38,'Est sit voluptatem saepe consequatur aut. Sapiente commodi numquam animi earum dolor. Esse ut voluptatem voluptatem voluptatum nulla rem reiciendis.','1972-08-24 16:13:20'),(365,39,83,'Placeat dolor perspiciatis et officiis temporibus nemo. Quis sed libero dolorem itaque aut eaque. Consequatur sunt ut voluptatem placeat fugit. Modi sed nobis eaque aut deleniti esse. Laudantium blanditiis voluptatum quis atque dolor culpa est.','1983-01-10 00:40:50'),(366,176,72,'Iste est est illum est. Maiores debitis sunt vitae ducimus. Voluptatum ut corporis et laborum officia voluptas incidunt.','2010-05-25 19:18:01'),(367,185,62,'Consequatur nulla ut vitae hic nemo voluptates ducimus. Laborum possimus quam corrupti et ea deserunt. Nulla nam vel et possimus. Eius commodi et corporis error libero facere.','1974-11-13 01:29:12'),(368,66,91,'Quis eos inventore nesciunt cumque facere. Ea ut minus ducimus architecto quidem eveniet.','1982-05-10 13:37:39'),(369,158,100,'Quod et quia qui soluta dolores ut eaque. Iusto quidem ratione est enim iste repudiandae commodi eum. Cupiditate dolorem sed sunt modi velit minus velit. Quam aut quasi repellendus ducimus sit molestiae rem.','2016-02-24 15:27:23'),(370,6,28,'Architecto nobis tempore et illo excepturi. Dicta facilis totam pariatur est ducimus. Quia voluptas non quod at enim nihil.','1992-10-17 04:56:14'),(371,134,73,'Vero consequatur harum cumque et expedita maiores et. Repellendus minus molestias ut voluptate et quia et. Incidunt et asperiores ut quam.','2018-09-25 22:20:39'),(372,8,80,'Consectetur aut numquam qui. Et totam est voluptates. Et quos officia consequatur corrupti.','1972-01-07 07:16:02'),(373,90,97,'Omnis reiciendis et nesciunt amet hic repellendus nihil. Soluta quis voluptatem et dignissimos temporibus aperiam. Dolor aut nulla ut. Rerum voluptatum dolores error inventore aut.','1974-08-19 16:25:51'),(374,9,63,'Rerum eveniet accusantium quia quidem hic reprehenderit labore voluptas. Assumenda porro at delectus labore nam natus mollitia. Eos quisquam autem vel alias et. Distinctio voluptatem ea adipisci atque.','1988-03-07 17:09:08'),(375,80,77,'Laborum est dolores rerum et quas fuga. Eos praesentium tenetur vel perferendis quae ut odio. Distinctio impedit deleniti dolorum tempore eligendi sunt consectetur.','1988-08-30 14:43:03'),(376,88,78,'Possimus velit facere tenetur velit sit illum. Unde sunt odio aut cum harum. Voluptate ratione vitae rerum autem et odit eius dolorem. Non cum reiciendis quisquam rem asperiores similique sit.','2007-06-21 15:51:12'),(377,195,33,'Officia beatae eaque voluptatem omnis cum. Unde blanditiis ut beatae perferendis. Est qui cumque fugit omnis. Provident voluptate repellat animi occaecati.','2016-06-23 08:11:32'),(378,120,79,'Dolorum voluptas nesciunt dignissimos ut. Ea ut numquam quam et qui illo. Et id itaque corrupti non. Aspernatur sit in nobis. Libero incidunt qui vero sapiente voluptatem.','1990-02-18 02:48:44'),(379,16,40,'Quidem odit eius exercitationem quod. Placeat facilis ut architecto quaerat velit vel magnam itaque. Cupiditate temporibus sed occaecati magni velit qui eos. Quis sit eligendi sit accusamus. Sed atque beatae repellendus velit sit odit in alias.','2006-10-05 16:49:48'),(380,147,42,'Numquam quae consequuntur consequatur sit quae. Quis inventore vel ad rerum rerum. Perspiciatis quia dolorem maiores doloremque. Est provident est provident fugit esse aut.','2008-01-06 14:08:36'),(381,1,29,'Autem est voluptate voluptatem veritatis omnis consequuntur et incidunt. Ex officiis in tempora veniam nihil. Dolor soluta excepturi sint temporibus. Neque qui commodi atque omnis est blanditiis.','1980-12-18 03:04:07'),(382,29,88,'Nihil reprehenderit nulla occaecati rem. Veniam sit nisi consequatur nisi.','1998-04-26 11:53:09'),(383,19,22,'Magnam enim et repellendus perferendis voluptas. Velit dolorem nulla corrupti. Aliquam voluptas voluptatem recusandae quos. Ratione qui autem commodi rem fugit quos et.','1997-11-25 15:37:01'),(384,88,55,'Reiciendis minus aperiam qui rerum. Atque repellat voluptate est ut. Aut itaque beatae totam excepturi laudantium totam. Ea totam quis consectetur tempora quis repellendus quas non.','1986-10-01 10:34:46'),(385,31,57,'Corporis eaque culpa ut eaque. Dicta eveniet dolorem dolor sunt. Sit ipsum est delectus minima at laboriosam perferendis. Voluptate veritatis quibusdam asperiores sed officiis quaerat iusto aperiam.','2001-05-30 11:25:33'),(386,84,93,'Iure quis et eum nesciunt ut rerum molestiae. Optio dolores animi similique earum quod repellat. Excepturi non est distinctio qui eligendi. Et aut molestiae occaecati repellat consequatur pariatur.','1998-04-07 13:26:39'),(387,126,81,'Voluptatem et ab explicabo consequatur illo et reiciendis veniam. Dicta velit cum aut nisi eos eum porro. Officiis iure ut iusto ullam nobis ut aperiam. Qui eum enim sit veniam. Eum ut tempore neque laudantium.','1991-10-08 16:04:58'),(388,186,34,'Sed quo maiores officiis ipsum velit non corrupti. Autem et rem iure cupiditate. Eaque qui accusamus accusamus delectus. Possimus tempore vel dolorem eos.','1995-06-21 22:53:16'),(389,184,23,'Quia quo iste natus voluptate quisquam. Minima optio ipsa quasi aspernatur doloremque explicabo.','2014-03-19 13:24:33'),(390,24,53,'Et veniam nesciunt quo ut corporis et iste. Sit quo dolor earum sed facere molestias. Eum nostrum aperiam adipisci nisi quia. Et ratione asperiores odit ut.','1971-12-21 21:34:42'),(391,5,65,'Aut omnis nisi assumenda accusantium. Nemo eligendi et est quisquam possimus. Qui aut quaerat vel quae ex.','1998-11-10 12:12:38'),(392,71,50,'Aspernatur id qui quo eos provident. Vel ad aut est eos. Corporis omnis rem illo est accusantium. Veniam dolores ipsa quisquam fuga asperiores velit dolor.','1987-11-01 05:38:16'),(393,194,44,'Quaerat vel debitis molestias et. Qui ut quae magnam est eligendi. Corporis nesciunt qui id nobis at.','1997-07-18 00:23:12'),(394,158,58,'Harum eaque aliquam rerum numquam ratione. Dolores rerum enim animi facilis minima. Nobis et aperiam cupiditate laboriosam ea.','1978-08-11 13:26:36'),(395,161,30,'Provident corrupti eaque ratione eos voluptatem recusandae voluptatem. Eum atque harum quia sint illo. Qui cum et vitae cupiditate recusandae eum. Qui architecto eum et beatae. In rerum debitis quia aperiam modi quod fuga quod.','2018-10-03 20:43:21'),(396,170,4,'Atque rerum nemo eos. Sed ipsam quis velit maiores consequatur. Dignissimos aut vitae aspernatur et et repudiandae sed. Amet quam non doloribus dolores voluptatem non tempore.','1975-02-04 18:15:48'),(397,17,52,'Cumque delectus voluptas ea et molestias et sunt. Praesentium incidunt nam enim id est sunt. Est harum ipsa eum voluptatem. Fugit dolorem dolor est. Assumenda velit architecto odit.','1972-01-10 04:32:48'),(398,165,84,'Veniam et ipsam explicabo quae fugit ut praesentium. Tenetur corporis et dolores aut ea vitae expedita. Error rerum inventore est suscipit. Voluptas provident doloribus quae dolores consequuntur temporibus expedita. Soluta repellendus neque qui velit.','1992-02-18 05:02:26'),(399,132,42,'Perferendis accusamus et inventore. Quibusdam repellendus debitis minima. Et repellendus et eos quas non. Rerum modi excepturi sunt perferendis similique non facilis dolore. Tempore inventore quo accusamus omnis quis labore quam.','1989-02-01 20:05:10'),(400,32,28,'Quae voluptas ut pariatur nostrum. Dolor dolor autem et voluptatum ipsam. Exercitationem soluta qui libero non ab aspernatur.','2012-09-13 05:33:05');
/*!40000 ALTER TABLE `messages` ENABLE KEYS */;
UNLOCK TABLES;

--
-- Temporary view structure for view `most_popular_travel`
--

DROP TABLE IF EXISTS `most_popular_travel`;
/*!50001 DROP VIEW IF EXISTS `most_popular_travel`*/;
SET @saved_cs_client     = @@character_set_client;
/*!50503 SET character_set_client = utf8mb4 */;
/*!50001 CREATE VIEW `most_popular_travel` AS SELECT 
 1 AS `travel_id`,
 1 AS `Number_of_requests`,
 1 AS `specification`*/;
SET character_set_client = @saved_cs_client;

--
-- Table structure for table `qualification_of_members`
--

DROP TABLE IF EXISTS `qualification_of_members`;
/*!40101 SET @saved_cs_client     = @@character_set_client */;
/*!50503 SET character_set_client = utf8mb4 */;
CREATE TABLE `qualification_of_members` (
  `id` int unsigned NOT NULL AUTO_INCREMENT,
  `user_id` int unsigned NOT NULL COMMENT 'Идентификатор пользователя',
  `step_of_qualification` int unsigned DEFAULT NULL COMMENT 'Идентификатор уровня квалификации',
  `instructor_id` int unsigned NOT NULL COMMENT 'Идентификатор инструктора выдавшего сертификат',
  `created_at` datetime DEFAULT CURRENT_TIMESTAMP,
  `site_id` int unsigned NOT NULL,
  PRIMARY KEY (`id`),
  KEY `qual_of_memb_fk` (`user_id`),
  KEY `qual_lvl_fk` (`step_of_qualification`),
  KEY `qual_inst_fk` (`instructor_id`),
  KEY `qual_site_id_fk` (`site_id`),
  CONSTRAINT `qual_inst_fk` FOREIGN KEY (`instructor_id`) REFERENCES `members` (`id`),
  CONSTRAINT `qual_lvl_fk` FOREIGN KEY (`step_of_qualification`) REFERENCES `levels_of_qualification` (`qualification_id`) ON DELETE CASCADE,
  CONSTRAINT `qual_of_memb_fk` FOREIGN KEY (`user_id`) REFERENCES `members` (`id`) ON DELETE CASCADE,
  CONSTRAINT `qual_site_id_fk` FOREIGN KEY (`site_id`) REFERENCES `dive_sites` (`id`)
) ENGINE=InnoDB AUTO_INCREMENT=207 DEFAULT CHARSET=utf8mb4 COLLATE=utf8mb4_unicode_ci COMMENT='Сведения о квалификации членов клуба';
/*!40101 SET character_set_client = @saved_cs_client */;

--
-- Dumping data for table `qualification_of_members`
--

LOCK TABLES `qualification_of_members` WRITE;
/*!40000 ALTER TABLE `qualification_of_members` DISABLE KEYS */;
INSERT INTO `qualification_of_members` VALUES (1,8,10,100,'1972-02-19 12:26:05',4),(2,95,27,166,'1995-11-11 02:01:07',7),(3,165,30,141,'2017-01-30 10:39:36',28),(4,86,44,193,'1993-01-31 02:27:54',2),(5,179,21,69,'1999-06-05 19:49:12',26),(6,90,45,179,'1995-11-14 10:10:44',20),(7,12,2,75,'1997-01-06 08:11:12',8),(8,2,39,100,'1988-09-26 09:25:19',30),(9,37,12,155,'2005-01-14 22:53:53',18),(10,114,5,5,'1992-02-20 00:55:42',21),(11,92,9,21,'1991-10-08 23:24:03',10),(12,185,44,119,'1984-11-27 09:12:38',29),(13,13,31,188,'1970-12-24 20:05:22',17),(14,146,43,43,'2001-10-19 22:03:25',3),(15,129,16,9,'2005-01-15 19:44:52',20),(16,164,38,109,'1973-06-15 18:25:12',9),(17,138,12,10,'1973-04-28 14:14:20',4),(18,36,33,200,'1994-03-23 16:06:03',4),(19,62,10,95,'2016-11-06 00:59:49',27),(20,55,27,128,'1988-11-13 19:35:10',15),(21,67,23,169,'1970-05-29 23:03:53',25),(22,112,11,36,'1999-01-22 18:20:17',10),(23,11,15,81,'1988-02-10 08:15:19',22),(24,93,9,95,'2000-06-17 11:28:24',9),(25,5,19,59,'1990-08-15 00:57:19',16),(26,105,15,118,'2010-06-28 11:05:31',23),(27,166,20,23,'2019-02-15 10:14:21',20),(28,159,3,85,'1982-03-17 05:02:25',16),(29,71,35,117,'2011-01-24 09:16:07',22),(30,113,41,6,'2020-04-08 09:49:36',30),(31,157,14,119,'1995-12-25 13:52:25',7),(32,10,44,53,'1971-07-18 16:21:30',16),(33,59,16,138,'2000-10-09 22:33:00',14),(34,128,17,25,'2018-04-26 01:34:37',29),(35,187,17,140,'1998-01-23 13:42:28',7),(36,39,6,139,'1991-07-03 13:34:21',21),(37,148,5,191,'1992-04-06 11:58:27',13),(38,120,4,73,'1970-11-26 08:26:14',3),(39,42,1,115,'1996-02-02 06:45:12',13),(40,117,16,53,'1982-04-22 20:10:50',13),(41,150,28,94,'2017-11-13 05:36:07',26),(42,123,39,185,'2020-10-05 04:28:13',23),(43,152,3,63,'1990-07-16 21:09:19',26),(44,24,11,134,'1986-06-14 01:29:36',19),(45,29,24,116,'1983-06-06 10:18:40',3),(46,28,37,115,'1977-06-30 04:23:49',2),(47,186,5,173,'1974-09-04 08:23:04',1),(48,44,15,60,'1991-08-11 11:45:54',5),(49,17,12,96,'2007-12-12 19:00:35',6),(50,108,36,159,'2016-02-19 19:29:28',4),(51,26,26,167,'1998-09-17 03:25:15',3),(52,31,8,46,'1996-05-16 08:56:25',1),(53,104,9,184,'1972-04-05 09:58:31',26),(54,134,15,109,'1990-05-29 10:47:26',27),(55,156,17,80,'2020-05-02 10:41:31',9),(56,69,21,149,'2019-05-17 06:18:40',25),(57,161,29,98,'1976-09-28 10:36:40',25),(58,194,37,132,'1982-01-27 03:25:13',15),(59,182,31,57,'2013-06-08 02:08:30',18),(60,169,33,101,'1997-04-24 23:12:33',14),(61,94,30,72,'2020-05-25 15:49:17',10),(62,184,34,106,'1985-11-19 21:55:20',3),(63,158,39,199,'2020-11-23 09:32:55',15),(64,154,17,20,'2006-05-21 07:28:12',27),(65,65,13,55,'2012-02-08 06:41:57',29),(66,130,5,120,'2015-04-22 03:46:21',17),(67,30,44,42,'1976-12-29 02:39:47',14),(68,135,3,64,'1988-07-17 14:00:07',25),(69,84,39,172,'1996-09-08 08:18:35',14),(70,174,21,194,'1984-12-12 08:54:34',28),(71,142,27,30,'2005-03-07 20:36:22',12),(72,83,44,11,'1974-08-13 19:08:14',6),(73,140,38,183,'1985-10-20 22:58:24',18),(74,190,15,38,'1973-11-07 02:26:25',5),(75,51,32,179,'2006-02-12 00:24:16',8),(76,144,5,198,'1974-09-15 01:17:46',10),(77,3,22,161,'2004-01-17 04:16:17',22),(78,57,31,83,'2015-06-22 04:06:52',10),(79,139,15,106,'2016-01-20 14:59:08',8),(80,176,33,73,'2001-08-14 03:43:22',23),(81,72,43,115,'2003-06-07 16:38:05',16),(82,82,23,113,'1987-04-03 12:58:24',22),(83,172,42,69,'1995-05-28 06:24:39',4),(84,64,28,111,'1978-03-30 13:33:47',3),(85,181,7,12,'1982-02-15 17:16:44',26),(86,32,37,62,'1976-01-25 18:24:35',10),(87,125,14,170,'1973-09-30 16:38:27',12),(88,192,31,91,'1988-06-01 17:24:51',28),(89,56,22,146,'2018-06-22 09:45:51',27),(90,162,23,200,'2001-05-16 12:09:46',28),(91,45,33,145,'2006-08-18 01:52:49',13),(92,87,34,10,'2013-10-19 08:02:21',26),(93,132,4,185,'1985-03-07 02:34:57',14),(94,18,34,175,'1996-06-11 06:59:25',15),(95,20,33,179,'1993-07-26 07:21:16',27),(96,137,24,136,'2020-10-15 07:53:57',14),(97,124,38,4,'1981-01-05 08:08:16',28),(98,147,35,55,'2013-01-27 05:56:29',1),(99,122,28,28,'1971-02-01 15:27:22',19),(100,7,26,124,'1991-05-06 00:19:33',10),(101,33,31,121,'2003-06-23 20:58:48',23),(102,73,16,84,'2002-01-23 09:00:13',29),(103,35,28,170,'2013-11-02 06:44:45',1),(104,177,13,74,'1989-08-12 04:10:56',14),(105,136,22,7,'1976-10-28 02:22:20',13),(106,121,13,81,'2001-06-19 08:09:20',12),(107,9,8,178,'1982-03-12 09:04:19',23),(108,38,36,133,'1980-03-02 08:37:14',17),(109,52,41,41,'1976-03-01 07:52:56',2),(110,103,13,40,'2002-11-19 10:15:43',3),(111,61,7,46,'2019-08-08 13:06:39',15),(112,188,27,35,'2003-01-20 07:15:21',2),(113,143,26,77,'1989-08-14 02:49:01',13),(114,107,10,99,'1994-07-18 05:35:19',8),(115,195,26,98,'1987-11-26 14:44:18',8),(116,178,7,58,'2009-03-03 15:01:27',13),(117,89,28,131,'2005-04-03 15:27:33',28),(118,60,13,75,'1989-07-01 14:58:40',16),(119,40,43,180,'2008-07-06 18:09:37',18),(120,189,36,1,'2007-08-29 12:43:25',20),(121,99,22,161,'1978-06-19 23:49:18',10),(122,197,18,154,'1983-03-22 20:44:03',13),(123,111,7,91,'1989-01-04 13:16:49',6),(124,141,9,56,'2004-11-16 08:04:32',22),(125,109,15,195,'1977-06-22 08:41:16',8),(126,151,41,121,'1993-02-06 10:11:22',20),(127,149,32,4,'2020-05-01 19:23:37',11),(128,53,37,138,'2007-09-18 11:40:06',9),(129,27,4,88,'1994-02-17 19:19:20',1),(130,198,23,32,'2018-04-03 08:50:46',14),(131,155,2,170,'1992-05-20 22:59:27',27),(132,91,30,124,'1979-02-04 12:52:14',6),(133,58,15,145,'1978-12-19 14:40:23',22),(134,75,24,95,'2019-01-22 08:21:54',13),(135,88,3,174,'2001-05-27 09:02:08',27),(136,79,11,38,'1983-06-22 05:45:38',29),(137,126,29,98,'1985-04-13 04:45:34',29),(138,19,31,89,'1974-09-30 09:28:33',13),(139,47,30,196,'2002-11-28 17:16:19',25),(140,175,24,109,'1996-09-05 23:41:17',3),(141,131,35,110,'2011-12-07 04:02:21',2),(142,196,32,191,'1995-01-30 16:07:20',6),(143,4,41,28,'1986-03-03 23:44:16',15),(144,6,11,99,'2002-05-24 11:26:33',15),(145,77,5,95,'1994-10-25 19:27:51',4),(146,66,17,166,'2000-07-31 15:49:28',21),(147,23,17,56,'2020-09-15 17:21:45',9),(148,1,40,198,'1983-02-07 20:54:16',28),(149,81,42,89,'2000-01-05 10:26:42',2),(150,183,18,157,'2006-06-11 01:33:49',25),(151,163,21,196,'2015-11-09 00:39:19',14),(152,63,19,101,'1994-09-09 01:30:31',18),(153,49,27,84,'2016-05-26 19:32:32',27),(154,85,14,28,'1981-02-18 22:33:06',11),(155,34,39,63,'1996-10-11 02:03:45',10),(156,98,34,121,'1972-05-28 03:34:33',10),(157,200,20,143,'2004-03-01 21:05:57',23),(158,41,44,38,'2004-12-10 00:02:11',16),(159,80,28,160,'2006-11-13 17:33:46',2),(160,97,32,60,'1988-04-14 07:03:18',30),(161,76,44,10,'2019-12-21 12:01:18',2),(162,74,13,31,'2018-04-14 04:56:55',5),(163,68,30,29,'1984-04-17 03:02:21',22),(164,110,41,172,'1990-10-13 03:58:43',16),(165,116,25,95,'1985-08-06 06:47:13',30),(166,50,1,195,'1979-11-01 10:18:03',23),(167,191,15,39,'2016-04-09 13:29:43',20),(168,96,33,170,'1979-01-05 21:44:41',11),(169,106,10,184,'2005-09-30 10:23:21',23),(170,70,42,149,'1995-08-30 16:40:40',26),(171,115,28,49,'2001-12-23 03:07:46',27),(172,22,1,127,'1998-09-02 18:01:02',13),(173,43,32,91,'2011-11-20 20:14:08',30),(174,48,29,184,'1972-11-15 04:39:03',21),(175,180,11,51,'1972-11-11 17:33:25',5),(176,15,12,182,'2016-04-10 03:35:01',7),(177,171,26,189,'1970-07-23 15:34:27',10),(178,173,18,142,'1989-11-06 14:34:55',29),(179,16,22,178,'1997-10-02 20:24:28',4),(180,145,32,52,'2017-07-04 13:08:13',23),(181,193,11,74,'2017-06-14 12:50:08',11),(182,168,30,112,'1972-04-11 23:25:29',30),(183,160,12,118,'1977-02-14 11:05:27',13),(184,119,8,132,'2004-08-27 08:50:13',24),(185,100,13,9,'2013-07-11 09:00:31',30),(186,54,15,121,'1995-05-05 01:47:32',14),(187,101,13,139,'1990-01-04 05:54:22',13),(188,170,13,64,'1992-01-21 03:43:44',13),(189,199,35,153,'2007-02-13 12:57:04',10),(190,167,24,80,'1986-04-29 10:30:04',26),(191,78,5,151,'1999-06-17 23:36:07',27),(192,133,1,117,'1981-11-18 15:31:42',27),(193,127,24,146,'2001-01-26 06:12:22',18),(194,102,20,48,'1978-04-16 18:55:42',30),(195,14,14,110,'1994-07-01 00:49:34',16),(196,118,45,10,'2012-03-07 11:31:34',7),(197,25,23,51,'1994-01-12 08:58:15',17),(198,46,25,7,'1973-12-17 19:30:21',9),(199,21,31,76,'1986-12-05 20:00:00',24),(200,153,43,123,'1978-06-10 12:58:02',7),(201,201,2,100,'2021-05-21 18:39:24',49),(202,201,3,100,'2021-05-21 18:39:45',49),(203,201,5,100,'2021-05-21 18:39:50',49),(204,201,5,100,'2021-05-21 18:39:58',49),(205,201,6,150,'2021-05-21 18:52:12',30),(206,201,9,150,'2021-05-21 18:52:22',32);
/*!40000 ALTER TABLE `qualification_of_members` ENABLE KEYS */;
UNLOCK TABLES;
/*!50003 SET @saved_cs_client      = @@character_set_client */ ;
/*!50003 SET @saved_cs_results     = @@character_set_results */ ;
/*!50003 SET @saved_col_connection = @@collation_connection */ ;
/*!50003 SET character_set_client  = utf8mb4 */ ;
/*!50003 SET character_set_results = utf8mb4 */ ;
/*!50003 SET collation_connection  = utf8mb4_0900_ai_ci */ ;
/*!50003 SET @saved_sql_mode       = @@sql_mode */ ;
/*!50003 SET sql_mode              = 'ONLY_FULL_GROUP_BY,STRICT_TRANS_TABLES,NO_ZERO_IN_DATE,NO_ZERO_DATE,ERROR_FOR_DIVISION_BY_ZERO,NO_ENGINE_SUBSTITUTION' */ ;
DELIMITER ;;
/*!50003 CREATE*/ /*!50017 DEFINER=`root`@`localhost`*/ /*!50003 TRIGGER `check_qualification` BEFORE UPDATE ON `qualification_of_members` FOR EACH ROW BEGIN
		DECLARE current_step INT;
		SET @current_step = (SELECT DISTINCT 
					MAX(OLD.step_of_qualification) OVER(PARTITION BY OLD.user_id)
					FROM qualification_of_members AS qom
					WHERE user_id = NEW.user_id);
		IF NEW.step_of_qualification != (@current_step + 1)
		THEN 
			SIGNAL SQLSTATE '45000' 
			SET MESSAGE_TEXT = 'Необходимо освоить предыдущие уровни квалификации';
		END IF;
	END */;;
DELIMITER ;
/*!50003 SET sql_mode              = @saved_sql_mode */ ;
/*!50003 SET character_set_client  = @saved_cs_client */ ;
/*!50003 SET character_set_results = @saved_cs_results */ ;
/*!50003 SET collation_connection  = @saved_col_connection */ ;

--
-- Table structure for table `status_of_travel`
--

DROP TABLE IF EXISTS `status_of_travel`;
/*!40101 SET @saved_cs_client     = @@character_set_client */;
/*!50503 SET character_set_client = utf8mb4 */;
CREATE TABLE `status_of_travel` (
  `id` int unsigned NOT NULL AUTO_INCREMENT COMMENT 'Идентификатор статуса поездки',
  `status` enum('завершено','проводится','ожидается') COLLATE utf8mb4_unicode_ci DEFAULT NULL,
  PRIMARY KEY (`id`)
) ENGINE=InnoDB AUTO_INCREMENT=4 DEFAULT CHARSET=utf8mb4 COLLATE=utf8mb4_unicode_ci COMMENT='Таблица статусов клубных поездок';
/*!40101 SET character_set_client = @saved_cs_client */;

--
-- Dumping data for table `status_of_travel`
--

LOCK TABLES `status_of_travel` WRITE;
/*!40000 ALTER TABLE `status_of_travel` DISABLE KEYS */;
INSERT INTO `status_of_travel` VALUES (1,'завершено'),(2,'проводится'),(3,'ожидается');
/*!40000 ALTER TABLE `status_of_travel` ENABLE KEYS */;
UNLOCK TABLES;

--
-- Temporary view structure for view `top_10_qual_divers`
--

DROP TABLE IF EXISTS `top_10_qual_divers`;
/*!50001 DROP VIEW IF EXISTS `top_10_qual_divers`*/;
SET @saved_cs_client     = @@character_set_client;
/*!50503 SET character_set_client = utf8mb4 */;
/*!50001 CREATE VIEW `top_10_qual_divers` AS SELECT 
 1 AS `id`,
 1 AS `Diver`,
 1 AS `From`,
 1 AS `Rang`*/;
SET character_set_client = @saved_cs_client;

--
-- Table structure for table `travel_log`
--

DROP TABLE IF EXISTS `travel_log`;
/*!40101 SET @saved_cs_client     = @@character_set_client */;
/*!50503 SET character_set_client = utf8mb4 */;
CREATE TABLE `travel_log` (
  `id` int unsigned NOT NULL AUTO_INCREMENT COMMENT 'Идентификатор записи',
  `user_id` int unsigned NOT NULL COMMENT 'Идентификатор пользователя',
  `travel_date` date NOT NULL COMMENT 'Год поездки',
  `country` varchar(255) COLLATE utf8mb4_unicode_ci DEFAULT 'Not indicated' COMMENT 'Направление',
  `created_at` datetime DEFAULT CURRENT_TIMESTAMP,
  PRIMARY KEY (`id`),
  KEY `trll_user_fk` (`user_id`),
  CONSTRAINT `trll_user_fk` FOREIGN KEY (`user_id`) REFERENCES `members` (`id`)
) ENGINE=InnoDB AUTO_INCREMENT=101 DEFAULT CHARSET=utf8mb4 COLLATE=utf8mb4_unicode_ci COMMENT='Таблица участия в клубных поездках';
/*!40101 SET character_set_client = @saved_cs_client */;

--
-- Dumping data for table `travel_log`
--

LOCK TABLES `travel_log` WRITE;
/*!40000 ALTER TABLE `travel_log` DISABLE KEYS */;
INSERT INTO `travel_log` VALUES (1,191,'1990-08-29','British Virgin Islands','2011-03-31 19:57:25'),(2,111,'1986-01-04','Bosnia and Herzegovina','1996-06-14 04:04:55'),(3,178,'2008-06-28','New Caledonia','2020-01-21 02:00:58'),(4,78,'2003-01-28','Guinea-Bissau','1983-03-12 02:29:09'),(5,6,'1986-07-21','Maldives','1977-08-09 23:05:17'),(6,140,'2018-06-22','Solomon Islands','1993-06-10 17:05:48'),(7,141,'2015-03-11','Grenada','1997-10-14 11:41:48'),(8,169,'1973-01-25','Jersey','2020-02-23 19:16:37'),(9,106,'1981-04-30','Guyana','1971-12-13 15:49:44'),(10,76,'2019-12-24','Palestinian Territory','1973-06-28 08:28:22'),(11,85,'1978-09-12','Cuba','1975-10-12 00:32:48'),(12,172,'2008-07-16','Thailand','2016-02-28 06:24:48'),(13,143,'2008-10-08','British Virgin Islands','2014-02-07 06:11:42'),(14,137,'1995-04-01','Andorra','1979-08-19 17:53:56'),(15,156,'2019-04-19','Greece','1989-11-23 16:31:59'),(16,98,'1978-07-17','Turkey','1999-09-22 08:35:09'),(17,86,'1988-04-13','United States Virgin Islands','1972-08-04 06:27:10'),(18,111,'1975-07-03','Nauru','1980-09-07 04:48:37'),(19,98,'2017-01-21','French Southern Territories','1990-07-06 13:05:24'),(20,74,'2005-06-19','Brunei Darussalam','2007-07-14 00:40:19'),(21,129,'1992-05-25','Indonesia','2012-08-03 12:41:34'),(22,17,'1973-12-15','Spain','2009-10-14 13:28:30'),(23,59,'2007-03-07','Russian Federation','2019-04-23 04:17:08'),(24,102,'2021-03-06','France','1978-11-07 07:45:42'),(25,153,'2015-09-27','Marshall Islands','2020-10-17 00:01:19'),(26,54,'1983-12-08','Thailand','2008-02-09 05:58:31'),(27,105,'1989-01-24','United Kingdom','2011-12-18 19:11:19'),(28,53,'2000-02-16','Vanuatu','2014-07-30 12:02:38'),(29,151,'2001-06-04','Uruguay','1980-08-04 16:21:12'),(30,80,'1987-12-25','Mauritania','1985-01-31 02:17:32'),(31,198,'1997-06-16','Panama','1998-04-23 17:27:02'),(32,17,'2011-07-31','Reunion','1990-10-22 03:55:55'),(33,158,'1994-03-22','Thailand','2006-12-26 12:01:07'),(34,2,'2002-09-28','Guernsey','2001-02-10 10:49:04'),(35,21,'2013-06-14','United Arab Emirates','1998-03-28 23:41:04'),(36,158,'2005-05-10','Guatemala','2002-11-24 10:32:57'),(37,80,'1971-05-19','British Virgin Islands','1980-11-18 02:51:50'),(38,132,'1989-02-26','Syrian Arab Republic','1989-07-15 06:29:16'),(39,117,'1989-09-24','Cambodia','1970-09-11 11:16:55'),(40,172,'2020-12-09','Turks and Caicos Islands','2002-12-29 11:21:33'),(41,140,'1987-10-15','Cambodia','1994-02-03 16:20:57'),(42,109,'2014-11-30','Myanmar','2012-02-15 06:34:51'),(43,104,'1988-10-29','Senegal','2009-04-09 09:49:00'),(44,88,'1981-03-11','Japan','1994-12-03 01:09:50'),(45,99,'1995-07-22','France','1994-04-19 11:00:02'),(46,48,'1977-01-15','Lao People\'s Democratic Republic','2002-04-17 03:59:39'),(47,135,'1995-02-10','Antigua and Barbuda','2007-04-28 17:42:13'),(48,123,'1987-05-17','Liberia','1986-06-11 23:42:27'),(49,27,'2012-06-20','Uzbekistan','1996-04-12 21:55:05'),(50,69,'1979-08-03','Saint Lucia','2020-03-06 04:34:31'),(51,30,'2010-01-14','Vanuatu','1972-09-06 20:17:55'),(52,70,'1997-07-09','Luxembourg','1988-01-30 10:13:22'),(53,175,'1997-07-08','Ethiopia','2019-01-24 08:47:57'),(54,83,'2009-05-10','Philippines','1999-07-30 18:30:13'),(55,165,'2005-09-11','Malta','1978-10-03 00:39:11'),(56,40,'2014-09-07','Malawi','1997-11-13 06:28:48'),(57,103,'1982-08-28','Andorra','1986-10-30 22:15:02'),(58,19,'1974-05-08','Wallis and Futuna','2010-12-21 15:18:20'),(59,93,'1993-10-26','Christmas Island','2010-05-14 20:34:16'),(60,174,'1994-08-04','Chile','1986-12-27 18:34:51'),(61,91,'1987-12-01','Cote d\'Ivoire','1988-05-15 06:41:40'),(62,78,'2004-02-17','Vietnam','2019-01-01 14:35:47'),(63,17,'1983-03-28','Kyrgyz Republic','1988-07-14 14:10:12'),(64,19,'1989-10-18','Mozambique','1984-06-08 03:05:11'),(65,48,'1993-09-18','Norfolk Island','1993-01-02 08:35:19'),(66,37,'1979-07-22','Singapore','1990-02-27 21:11:25'),(67,98,'1983-12-22','Svalbard & Jan Mayen Islands','2018-05-19 22:41:30'),(68,27,'2001-01-31','Belize','2004-06-07 19:05:42'),(69,122,'1972-01-16','Portugal','2015-09-17 10:27:53'),(70,124,'2018-03-17','Netherlands Antilles','1990-09-26 20:37:12'),(71,149,'1998-10-04','Maldives','1982-01-29 08:29:57'),(72,190,'1981-10-30','Uruguay','1981-03-30 08:00:29'),(73,97,'1978-01-09','Lithuania','1989-01-03 07:24:27'),(74,107,'1990-12-30','Malaysia','1996-04-20 19:24:27'),(75,60,'1970-01-14','Croatia','1976-01-20 01:00:31'),(76,188,'1973-03-22','Canada','1980-12-11 07:46:31'),(77,31,'2001-10-04','India','2000-06-26 18:29:01'),(78,23,'1977-12-26','Madagascar','1993-03-02 10:01:27'),(79,81,'1995-05-08','Faroe Islands','1972-07-30 00:14:42'),(80,168,'1990-12-11','Rwanda','2013-04-05 16:37:25'),(81,194,'1981-07-01','Northern Mariana Islands','2019-06-02 08:15:15'),(82,16,'1989-03-16','Slovakia (Slovak Republic)','2010-05-30 05:49:02'),(83,17,'1973-09-14','Philippines','1987-02-09 23:07:05'),(84,189,'1997-01-02','Mexico','1971-11-09 13:19:50'),(85,16,'1999-04-04','Saint Barthelemy','1980-04-30 21:38:18'),(86,97,'1979-06-02','Pitcairn Islands','1981-03-31 13:01:11'),(87,89,'1988-06-25','Brunei Darussalam','2003-02-18 01:30:17'),(88,179,'2001-07-22','Uzbekistan','2000-04-08 06:50:02'),(89,86,'1972-08-10','China','2006-05-05 13:52:58'),(90,118,'1995-11-12','Swaziland','1991-09-14 18:38:09'),(91,95,'1979-02-24','Bangladesh','1999-02-25 15:02:25'),(92,183,'2020-11-06','Lao People\'s Democratic Republic','2013-04-06 18:07:28'),(93,121,'2018-05-30','Equatorial Guinea','2005-03-17 23:08:48'),(94,164,'1979-08-10','Guadeloupe','2003-03-15 18:20:03'),(95,86,'1977-12-10','Portugal','2019-01-26 15:06:39'),(96,174,'2003-09-12','Armenia','1995-11-04 02:59:11'),(97,14,'1995-08-08','Afghanistan','1979-05-17 05:25:11'),(98,91,'2004-04-08','Equatorial Guinea','1996-12-22 04:05:50'),(99,159,'1978-04-02','United States Virgin Islands','2019-05-30 20:26:02'),(100,37,'1989-05-31','Haiti','2017-08-08 08:46:33');
/*!40000 ALTER TABLE `travel_log` ENABLE KEYS */;
UNLOCK TABLES;

--
-- Table structure for table `travel_requests`
--

DROP TABLE IF EXISTS `travel_requests`;
/*!40101 SET @saved_cs_client     = @@character_set_client */;
/*!50503 SET character_set_client = utf8mb4 */;
CREATE TABLE `travel_requests` (
  `id` int unsigned NOT NULL AUTO_INCREMENT COMMENT 'Идентификатор заявки',
  `user_id` int unsigned NOT NULL COMMENT 'Идентификатор пользователя',
  `request_to` int unsigned DEFAULT NULL COMMENT 'Идентификатор поездки',
  `payment` enum('paid','expected') COLLATE utf8mb4_unicode_ci DEFAULT NULL COMMENT 'Статус оплаты',
  `created_at` datetime DEFAULT CURRENT_TIMESTAMP ON UPDATE CURRENT_TIMESTAMP,
  PRIMARY KEY (`id`),
  KEY `rqst_user_id_fk` (`user_id`),
  KEY `rqst_rqst_to_fk` (`request_to`),
  CONSTRAINT `rqst_rqst_to_fk` FOREIGN KEY (`request_to`) REFERENCES `club_travels_list` (`id`),
  CONSTRAINT `rqst_user_id_fk` FOREIGN KEY (`user_id`) REFERENCES `members` (`id`) ON DELETE CASCADE
) ENGINE=InnoDB AUTO_INCREMENT=401 DEFAULT CHARSET=utf8mb4 COLLATE=utf8mb4_unicode_ci COMMENT='Таблица заявок';
/*!40101 SET character_set_client = @saved_cs_client */;

--
-- Dumping data for table `travel_requests`
--

LOCK TABLES `travel_requests` WRITE;
/*!40000 ALTER TABLE `travel_requests` DISABLE KEYS */;
INSERT INTO `travel_requests` VALUES (1,192,45,'paid','1974-01-06 23:23:33'),(2,88,45,'paid','1976-06-10 19:57:22'),(3,142,60,'paid','1999-10-20 07:00:16'),(4,59,15,'expected','2005-01-11 22:34:37'),(5,167,39,'paid','1985-01-22 22:00:15'),(6,150,82,'paid','1973-04-18 21:09:39'),(7,53,5,'expected','1997-10-31 06:12:12'),(8,84,80,'paid','1983-10-24 13:04:44'),(9,163,98,'expected','1983-08-20 14:22:28'),(10,46,67,'paid','1970-05-26 04:06:11'),(11,112,45,'expected','1991-03-25 00:43:40'),(12,160,27,'expected','1993-10-26 08:18:25'),(13,9,34,'expected','2019-02-15 03:20:57'),(14,158,42,'expected','1984-01-10 04:28:03'),(15,23,81,'paid','2004-06-17 09:05:09'),(16,83,39,'expected','1989-07-03 20:16:07'),(17,181,95,'expected','2001-07-09 15:33:19'),(18,176,36,'expected','2009-09-17 14:07:28'),(19,180,15,'expected','1971-09-01 08:47:02'),(20,50,59,'paid','1992-03-31 19:35:58'),(21,40,4,'paid','2016-12-24 10:50:51'),(22,74,25,'expected','1996-07-03 05:02:55'),(23,139,84,'paid','1985-04-26 19:34:59'),(24,76,16,'paid','1976-05-17 07:51:26'),(25,45,33,'expected','2006-05-23 13:46:57'),(26,9,31,'paid','1982-04-14 03:40:21'),(27,71,68,'expected','2015-04-29 11:22:38'),(28,86,37,'expected','1981-12-08 05:48:44'),(29,16,2,'expected','1982-11-17 20:57:57'),(30,24,72,'expected','1983-12-21 05:16:49'),(31,161,4,'paid','1998-12-11 18:52:10'),(32,34,52,'expected','2015-07-31 12:07:55'),(33,28,48,'expected','1988-01-24 23:05:25'),(34,110,5,'paid','1990-12-18 03:46:27'),(35,159,91,'expected','1997-11-03 04:30:18'),(36,61,92,'expected','1995-07-17 23:20:10'),(37,45,21,'expected','1993-10-07 03:16:25'),(38,3,17,'expected','1970-01-03 22:00:20'),(39,147,14,'paid','1996-09-05 17:39:40'),(40,84,73,'expected','2020-03-13 18:59:44'),(41,23,31,'expected','1973-09-12 11:58:09'),(42,106,17,'paid','2005-03-24 10:33:53'),(43,126,61,'expected','2011-02-05 04:19:33'),(44,44,7,'expected','2011-03-28 18:40:26'),(45,147,43,'expected','2002-01-03 04:53:25'),(46,44,100,'paid','1994-01-20 09:36:31'),(47,77,68,'paid','2000-08-16 23:09:28'),(48,58,45,'paid','1972-01-08 10:23:11'),(49,113,45,'paid','1975-06-20 10:37:55'),(50,88,25,'expected','2020-02-05 10:51:51'),(51,109,42,'paid','1997-10-26 10:55:59'),(52,51,17,'paid','1997-06-15 06:24:33'),(53,86,19,'paid','2013-02-05 10:07:57'),(54,49,10,'expected','2009-12-25 21:33:36'),(55,132,97,'paid','1985-01-04 09:16:09'),(56,67,74,'expected','2010-07-17 21:22:36'),(57,109,7,'paid','2007-05-23 08:11:51'),(58,75,71,'expected','2011-06-12 08:09:27'),(59,8,100,'paid','1986-04-05 00:41:46'),(60,80,94,'expected','1979-01-07 13:44:56'),(61,170,38,'expected','1977-03-03 12:51:11'),(62,54,62,'paid','2009-06-23 11:45:38'),(63,142,20,'expected','1984-12-09 00:56:20'),(64,159,56,'expected','2020-12-30 09:12:08'),(65,131,68,'expected','1977-12-07 12:08:21'),(66,15,40,'paid','2016-12-12 14:25:17'),(67,157,10,'expected','1996-05-27 09:29:21'),(68,90,52,'paid','1979-06-28 03:32:00'),(69,75,82,'expected','2020-03-20 08:00:32'),(70,49,48,'expected','2010-07-03 10:03:20'),(71,122,92,'expected','2018-10-02 04:09:50'),(72,159,55,'expected','2004-01-06 11:04:54'),(73,29,76,'paid','1975-04-20 22:38:04'),(74,43,31,'expected','1976-02-27 02:18:49'),(75,32,89,'paid','1973-08-14 18:19:26'),(76,41,51,'paid','2008-04-22 10:43:35'),(77,181,38,'expected','2010-12-17 17:07:49'),(78,54,22,'expected','2002-02-14 02:42:32'),(79,25,43,'expected','2007-10-22 23:32:22'),(80,36,8,'paid','1970-05-02 07:42:24'),(81,164,38,'expected','2009-12-18 10:13:22'),(82,136,11,'expected','1980-09-26 03:13:53'),(83,6,4,'paid','1987-03-07 07:32:01'),(84,183,61,'expected','2019-06-07 20:15:59'),(85,51,59,'paid','1976-06-22 13:38:07'),(86,19,41,'paid','2018-04-26 14:42:45'),(87,130,70,'paid','1979-09-22 02:38:56'),(88,16,93,'paid','2000-09-01 08:59:55'),(89,65,25,'expected','2011-06-10 18:49:34'),(90,106,94,'paid','1988-01-23 06:54:27'),(91,9,4,'paid','1979-11-16 10:46:23'),(92,197,59,'expected','1974-02-28 09:31:57'),(93,157,56,'expected','1991-04-20 14:47:23'),(94,108,49,'paid','1986-05-28 17:17:40'),(95,90,33,'paid','1995-10-27 18:40:58'),(96,9,24,'expected','2003-07-16 14:00:35'),(97,49,81,'paid','1992-03-13 04:19:02'),(98,25,25,'expected','1980-09-20 01:07:56'),(99,86,93,'expected','2000-11-07 16:20:04'),(100,65,97,'paid','2000-09-07 21:36:26'),(101,4,84,'paid','1995-04-10 21:25:01'),(102,121,19,'expected','2014-04-16 04:26:59'),(103,149,96,'expected','1975-08-30 22:43:35'),(104,139,14,'paid','1987-10-27 04:28:18'),(105,134,67,'expected','2011-11-11 05:53:37'),(106,200,49,'expected','1979-04-13 23:01:04'),(107,140,25,'paid','1978-09-03 16:26:54'),(108,182,48,'expected','1979-02-13 21:25:53'),(109,149,75,'expected','2017-03-13 21:44:40'),(110,51,98,'paid','1992-04-25 13:06:20'),(111,69,49,'expected','2012-10-02 22:34:31'),(112,200,100,'expected','1979-04-14 15:11:07'),(113,104,71,'expected','1993-10-20 07:54:05'),(114,115,52,'expected','2012-11-15 02:42:38'),(115,101,4,'expected','1997-08-08 17:28:11'),(116,51,77,'expected','1986-07-07 20:23:47'),(117,197,91,'paid','1978-07-28 09:35:24'),(118,96,39,'paid','2020-06-25 05:44:16'),(119,115,66,'expected','1987-01-23 18:01:05'),(120,38,32,'paid','1992-02-05 18:18:06'),(121,169,59,'paid','1994-07-27 12:24:26'),(122,162,69,'expected','1974-10-27 10:07:08'),(123,107,51,'paid','2003-05-14 19:27:34'),(124,78,61,'paid','1980-03-25 13:27:50'),(125,185,6,'expected','2012-04-20 14:55:57'),(126,94,83,'paid','2006-03-23 10:09:10'),(127,148,84,'paid','1994-09-01 04:11:24'),(128,114,51,'paid','1991-06-20 09:35:25'),(129,39,88,'paid','2003-05-02 15:19:44'),(130,183,6,'expected','1997-07-26 21:03:16'),(131,80,55,'expected','2006-05-26 02:09:13'),(132,131,55,'paid','2005-09-11 23:21:33'),(133,28,85,'expected','1979-09-29 22:05:22'),(134,170,80,'expected','1985-09-06 19:56:26'),(135,115,38,'paid','2003-03-16 16:58:15'),(136,37,56,'expected','2013-01-15 15:29:17'),(137,89,75,'paid','2002-06-19 01:16:17'),(138,53,7,'paid','2016-07-03 09:32:39'),(139,113,57,'paid','2008-04-02 02:47:04'),(140,7,38,'paid','1997-10-22 18:38:18'),(141,65,40,'expected','1997-07-17 04:57:12'),(142,197,89,'paid','2002-10-01 18:16:34'),(143,145,29,'paid','1994-04-04 15:16:37'),(144,104,30,'paid','1976-07-08 10:27:55'),(145,11,100,'paid','2002-01-29 05:20:21'),(146,27,88,'expected','1975-12-24 14:14:26'),(147,64,19,'paid','1992-07-09 06:24:15'),(148,10,98,'paid','2000-11-13 22:51:46'),(149,79,24,'paid','1970-08-14 20:27:58'),(150,54,91,'paid','2012-08-25 14:50:59'),(151,187,79,'expected','1991-07-15 21:09:26'),(152,66,89,'expected','2012-06-08 02:19:46'),(153,88,50,'expected','2006-09-18 06:04:47'),(154,69,14,'paid','2004-04-06 00:50:07'),(155,100,69,'paid','2004-06-02 10:37:45'),(156,57,85,'expected','1979-06-05 20:52:49'),(157,166,51,'expected','1998-10-05 15:57:10'),(158,105,21,'expected','2013-10-01 15:19:36'),(159,12,69,'expected','2018-10-23 08:27:11'),(160,182,4,'expected','1988-02-29 09:30:36'),(161,164,92,'expected','1970-08-12 22:28:50'),(162,56,40,'paid','1971-09-07 19:07:40'),(163,134,14,'paid','2002-05-16 00:07:15'),(164,134,30,'expected','2013-05-13 10:58:09'),(165,188,10,'paid','2014-10-17 09:16:35'),(166,15,56,'expected','2019-11-05 20:55:31'),(167,108,63,'expected','2005-10-28 10:50:04'),(168,67,26,'expected','2008-01-22 23:18:03'),(169,20,88,'expected','2012-12-29 06:07:14'),(170,134,38,'expected','1984-03-21 21:50:15'),(171,33,60,'expected','2016-05-19 09:59:04'),(172,36,60,'expected','1983-05-11 08:14:43'),(173,160,84,'paid','1990-03-05 10:37:44'),(174,48,70,'paid','2016-09-28 06:20:21'),(175,13,90,'expected','2004-11-06 07:56:44'),(176,158,72,'paid','1992-12-29 11:41:56'),(177,91,77,'expected','1972-02-02 10:33:09'),(178,89,56,'paid','2012-10-12 17:23:33'),(179,136,56,'paid','1985-06-17 02:07:38'),(180,56,6,'expected','2010-10-12 06:13:37'),(181,14,36,'expected','1976-03-02 16:26:34'),(182,73,24,'expected','1997-09-30 02:26:07'),(183,164,1,'paid','1974-09-20 02:39:00'),(184,10,39,'expected','2010-12-31 00:35:53'),(185,155,91,'paid','1990-10-08 15:33:39'),(186,117,31,'expected','1979-04-08 13:26:33'),(187,183,87,'expected','1979-03-29 21:21:50'),(188,117,55,'expected','1999-09-05 00:07:16'),(189,104,9,'expected','2003-09-19 00:54:25'),(190,12,53,'paid','1993-03-05 01:41:19'),(191,43,67,'expected','2007-04-08 05:05:34'),(192,189,32,'expected','1996-08-23 14:48:17'),(193,16,32,'paid','1999-11-12 15:56:22'),(194,170,1,'expected','1992-05-26 03:18:08'),(195,51,62,'expected','1999-08-06 02:03:54'),(196,52,56,'paid','2020-04-13 10:12:48'),(197,88,17,'paid','2012-02-22 19:48:27'),(198,15,18,'paid','2007-06-27 23:24:47'),(199,162,14,'expected','2007-11-03 08:52:31'),(200,155,38,'paid','1981-05-27 10:03:45'),(201,11,97,'paid','1986-08-11 02:12:04'),(202,41,59,'paid','2003-11-04 12:56:42'),(203,151,1,'paid','2002-01-06 20:11:43'),(204,83,26,'paid','2006-06-12 03:50:33'),(205,79,18,'paid','2000-11-27 06:29:16'),(206,162,75,'expected','2019-05-29 03:41:06'),(207,49,18,'expected','1998-04-22 21:25:49'),(208,97,24,'paid','1979-02-12 03:53:07'),(209,182,11,'expected','1990-08-10 02:44:04'),(210,31,48,'expected','1985-02-22 00:10:32'),(211,139,91,'paid','1971-05-15 21:03:36'),(212,89,54,'expected','1986-08-06 00:22:07'),(213,21,35,'paid','1979-04-15 07:30:48'),(214,94,15,'expected','1975-11-21 20:00:32'),(215,69,31,'expected','1991-05-26 23:24:16'),(216,10,30,'paid','2009-02-06 10:34:08'),(217,130,49,'paid','1972-01-12 15:05:41'),(218,62,77,'paid','1973-09-01 16:17:05'),(219,106,50,'expected','1991-08-11 06:29:01'),(220,55,87,'paid','1981-07-21 13:11:44'),(221,92,48,'expected','1991-12-04 21:02:13'),(222,117,80,'expected','2018-10-22 16:33:35'),(223,169,29,'paid','2011-02-19 23:08:35'),(224,29,85,'paid','2010-12-19 19:47:43'),(225,50,97,'paid','1996-08-06 12:09:37'),(226,59,26,'expected','1980-10-06 15:42:27'),(227,156,90,'expected','1980-11-17 10:32:28'),(228,102,36,'expected','1978-09-19 00:05:04'),(229,89,65,'paid','1976-10-07 16:38:22'),(230,114,67,'expected','1971-01-19 08:40:20'),(231,139,45,'expected','1996-10-22 18:26:39'),(232,1,41,'paid','1994-03-29 13:59:28'),(233,34,33,'paid','2015-06-21 21:07:26'),(234,131,83,'paid','1978-06-28 08:48:16'),(235,169,19,'expected','2010-08-27 19:45:23'),(236,14,62,'expected','1989-05-10 12:21:53'),(237,128,65,'paid','2000-08-12 09:38:06'),(238,47,94,'expected','2003-07-03 01:50:39'),(239,179,84,'paid','1973-11-02 22:24:56'),(240,25,47,'paid','1996-06-22 13:24:28'),(241,172,22,'expected','1971-08-23 22:14:33'),(242,161,91,'expected','2008-07-16 09:54:17'),(243,114,27,'expected','2009-02-25 05:09:48'),(244,116,83,'paid','2013-03-07 18:27:51'),(245,162,70,'paid','2021-02-07 19:19:49'),(246,60,25,'expected','2005-04-28 21:40:49'),(247,133,9,'expected','2006-08-29 20:16:03'),(248,150,39,'expected','2012-06-11 09:40:27'),(249,175,56,'expected','1988-07-16 15:53:41'),(250,106,97,'paid','1992-09-25 03:28:41'),(251,78,25,'paid','1993-02-18 15:48:23'),(252,87,21,'expected','2005-08-10 18:49:01'),(253,85,4,'expected','1994-07-27 14:49:05'),(254,87,27,'paid','2008-11-11 13:37:46'),(255,156,82,'expected','1977-05-12 00:09:34'),(256,10,75,'expected','2021-01-09 23:15:27'),(257,157,72,'expected','2020-08-14 13:45:22'),(258,54,87,'expected','1973-01-17 22:09:11'),(259,169,13,'expected','1988-01-19 15:30:26'),(260,97,80,'paid','1991-02-14 11:36:24'),(261,155,61,'paid','1978-02-16 16:51:04'),(262,113,8,'paid','1999-05-01 16:01:01'),(263,193,85,'paid','1993-05-19 07:06:34'),(264,52,48,'paid','1985-11-02 04:51:42'),(265,172,48,'expected','1977-05-11 20:36:18'),(266,165,18,'expected','2018-07-30 20:19:02'),(267,69,88,'paid','2015-12-10 15:16:24'),(268,185,95,'paid','2004-08-27 05:31:14'),(269,3,55,'paid','1987-07-15 01:24:26'),(270,102,62,'paid','2006-05-24 11:46:45'),(271,11,70,'expected','2005-08-08 20:46:57'),(272,135,25,'expected','2002-06-21 13:24:05'),(273,66,31,'paid','1974-01-18 17:47:47'),(274,189,48,'paid','1987-04-05 14:07:02'),(275,105,78,'expected','2001-04-08 17:10:52'),(276,59,46,'expected','2007-05-24 03:09:53'),(277,193,62,'expected','1992-11-27 19:10:43'),(278,135,48,'expected','2004-10-17 04:43:00'),(279,142,99,'expected','2002-04-19 07:05:14'),(280,71,29,'paid','1975-06-23 19:55:05'),(281,141,33,'paid','1984-11-16 21:04:44'),(282,142,8,'expected','1983-04-03 23:56:09'),(283,69,59,'expected','2009-08-14 21:03:53'),(284,53,85,'paid','2000-02-23 03:58:50'),(285,146,8,'expected','1975-01-25 13:29:34'),(286,141,87,'paid','1993-07-30 09:23:06'),(287,177,55,'expected','2021-03-03 08:29:54'),(288,149,72,'paid','2007-05-11 19:42:54'),(289,76,18,'paid','1991-11-24 15:37:46'),(290,62,31,'paid','1977-09-25 18:45:11'),(291,198,93,'paid','2004-10-31 20:46:49'),(292,129,90,'paid','2015-10-08 13:23:03'),(293,29,30,'expected','1977-10-10 16:48:14'),(294,103,69,'paid','2001-01-17 11:48:34'),(295,65,83,'paid','1987-05-28 03:05:27'),(296,108,99,'expected','2006-08-09 17:08:08'),(297,38,2,'paid','2001-10-19 12:01:49'),(298,73,55,'expected','2010-02-17 10:04:22'),(299,44,31,'paid','2016-01-22 09:39:08'),(300,172,25,'expected','2002-08-19 20:05:01'),(301,106,12,'expected','1972-05-27 18:16:02'),(302,191,26,'paid','2009-03-13 03:49:34'),(303,160,4,'paid','2006-11-05 23:54:32'),(304,90,84,'expected','1994-05-04 14:14:24'),(305,90,21,'expected','2003-12-30 04:14:24'),(306,88,27,'expected','1983-10-08 00:30:36'),(307,76,72,'paid','2005-07-20 23:52:10'),(308,70,4,'expected','2001-03-12 23:59:26'),(309,85,97,'paid','1995-12-21 21:05:03'),(310,191,5,'expected','1995-07-10 04:05:49'),(311,129,94,'expected','1978-01-04 16:44:35'),(312,12,67,'paid','1987-12-08 03:43:16'),(313,120,100,'paid','1989-04-08 18:33:25'),(314,105,20,'paid','2019-05-21 08:47:18'),(315,161,34,'expected','1981-12-14 12:00:45'),(316,137,79,'paid','2009-06-08 22:30:10'),(317,118,34,'expected','2003-06-09 19:03:15'),(318,31,97,'paid','1976-08-03 02:17:41'),(319,98,63,'paid','1991-04-07 02:25:10'),(320,188,9,'expected','1975-09-26 02:29:13'),(321,51,53,'paid','2007-07-12 10:58:05'),(322,177,100,'expected','1977-01-24 14:50:51'),(323,138,87,'paid','1980-06-30 00:19:38'),(324,174,10,'expected','2002-05-25 17:48:36'),(325,136,30,'expected','2000-04-11 11:13:06'),(326,50,58,'paid','2019-05-14 16:28:52'),(327,86,55,'expected','2004-03-11 09:29:21'),(328,150,69,'expected','1984-07-12 13:44:30'),(329,173,29,'expected','1989-06-28 13:55:05'),(330,196,72,'expected','1981-07-16 16:09:36'),(331,34,43,'paid','1972-07-23 14:45:04'),(332,128,71,'expected','2000-03-29 04:47:32'),(333,155,86,'expected','1980-04-12 09:37:26'),(334,78,50,'expected','2020-08-11 20:52:51'),(335,39,93,'expected','1996-02-21 20:50:53'),(336,177,92,'paid','1978-12-13 19:09:07'),(337,42,35,'expected','2008-04-27 11:25:37'),(338,190,23,'expected','1994-05-26 13:25:32'),(339,34,69,'expected','1971-10-11 05:18:17'),(340,90,47,'paid','1985-10-31 02:14:25'),(341,27,13,'paid','2003-10-07 08:37:15'),(342,14,24,'paid','2010-05-23 15:39:09'),(343,44,3,'expected','2013-05-23 01:05:36'),(344,200,93,'paid','1978-07-31 23:27:56'),(345,7,29,'paid','2013-03-06 13:16:11'),(346,163,71,'expected','1978-11-25 03:03:58'),(347,180,96,'expected','2008-02-26 20:55:32'),(348,19,20,'expected','2001-07-07 05:43:01'),(349,97,91,'expected','1994-01-25 23:36:57'),(350,63,37,'paid','2013-08-05 05:54:28'),(351,105,55,'expected','2009-12-12 17:42:04'),(352,129,94,'paid','2020-10-23 23:19:15'),(353,22,29,'paid','2006-04-07 05:34:40'),(354,173,96,'paid','1995-06-15 02:16:05'),(355,14,5,'expected','2008-06-17 00:22:16'),(356,142,72,'paid','1995-04-21 03:57:04'),(357,142,44,'paid','1991-04-02 17:04:22'),(358,30,26,'paid','1996-09-29 08:33:22'),(359,121,48,'expected','1970-04-25 20:09:53'),(360,135,72,'paid','1979-10-02 10:08:29'),(361,158,49,'expected','1973-01-24 12:51:44'),(362,133,12,'expected','2012-09-15 12:01:53'),(363,40,4,'paid','1995-05-20 20:38:37'),(364,197,42,'expected','1971-09-07 05:36:29'),(365,44,85,'paid','1994-07-30 06:36:14'),(366,161,68,'paid','1979-12-19 03:58:50'),(367,16,82,'expected','1991-05-16 18:05:43'),(368,182,40,'paid','1996-10-31 05:46:41'),(369,9,22,'paid','1993-01-28 06:30:58'),(370,89,37,'paid','2018-11-30 18:41:04'),(371,42,12,'expected','1987-05-24 02:38:01'),(372,159,65,'paid','1990-03-16 08:09:15'),(373,130,31,'expected','2011-12-13 22:13:06'),(374,131,41,'paid','2012-06-29 08:27:39'),(375,3,92,'expected','2020-11-17 12:09:26'),(376,114,3,'paid','1984-01-27 04:13:47'),(377,76,34,'paid','1985-08-07 23:12:43'),(378,146,20,'paid','1985-08-14 13:42:30'),(379,64,73,'expected','1980-03-17 14:16:33'),(380,27,21,'expected','1999-06-08 17:37:33'),(381,79,95,'paid','2007-05-24 04:46:26'),(382,30,98,'paid','1999-03-28 13:49:02'),(383,80,81,'paid','2007-04-22 09:59:40'),(384,65,88,'paid','2002-09-12 20:00:39'),(385,171,66,'expected','1973-08-27 10:42:35'),(386,197,12,'expected','1990-01-30 00:07:23'),(387,171,28,'expected','2003-05-04 16:04:30'),(388,33,89,'expected','2015-10-08 07:03:58'),(389,75,34,'expected','2005-08-23 06:51:46'),(390,97,76,'expected','1972-05-20 03:45:11'),(391,168,5,'expected','1977-11-18 18:11:34'),(392,181,13,'paid','1984-04-30 08:15:17'),(393,79,89,'paid','2010-04-02 05:47:37'),(394,53,83,'paid','1985-11-12 17:03:17'),(395,161,49,'paid','1993-01-02 10:38:15'),(396,142,99,'expected','1972-04-03 16:05:06'),(397,103,16,'expected','1978-04-03 07:51:35'),(398,52,69,'expected','1986-03-12 19:34:49'),(399,133,84,'expected','2017-10-22 12:37:13'),(400,138,20,'paid','1996-06-19 07:35:15');
/*!40000 ALTER TABLE `travel_requests` ENABLE KEYS */;
UNLOCK TABLES;

--
-- Final view structure for view `active_club_travels`
--

/*!50001 DROP VIEW IF EXISTS `active_club_travels`*/;
/*!50001 SET @saved_cs_client          = @@character_set_client */;
/*!50001 SET @saved_cs_results         = @@character_set_results */;
/*!50001 SET @saved_col_connection     = @@collation_connection */;
/*!50001 SET character_set_client      = utf8mb4 */;
/*!50001 SET character_set_results     = utf8mb4 */;
/*!50001 SET collation_connection      = utf8mb4_0900_ai_ci */;
/*!50001 CREATE ALGORITHM=UNDEFINED */
/*!50013 DEFINER=`root`@`localhost` SQL SECURITY DEFINER */
/*!50001 VIEW `active_club_travels` AS select `ctl`.`start_date` AS `start_date`,`ctl`.`duration` AS `duration`,`ctl`.`specification` AS `specification`,`ctl`.`cost` AS `cost` from `club_travels_list` `ctl` where (`ctl`.`travel_status` = 3) order by `ctl`.`start_date` desc */;
/*!50001 SET character_set_client      = @saved_cs_client */;
/*!50001 SET character_set_results     = @saved_cs_results */;
/*!50001 SET collation_connection      = @saved_col_connection */;

--
-- Final view structure for view `log_book_user`
--

/*!50001 DROP VIEW IF EXISTS `log_book_user`*/;
/*!50001 SET @saved_cs_client          = @@character_set_client */;
/*!50001 SET @saved_cs_results         = @@character_set_results */;
/*!50001 SET @saved_col_connection     = @@collation_connection */;
/*!50001 SET character_set_client      = utf8mb4 */;
/*!50001 SET character_set_results     = utf8mb4 */;
/*!50001 SET collation_connection      = utf8mb4_0900_ai_ci */;
/*!50001 CREATE ALGORITHM=UNDEFINED */
/*!50013 DEFINER=`root`@`localhost` SQL SECURITY DEFINER */
/*!50001 VIEW `log_book_user` AS select distinct cast(`lb`.`dive_date` as date) AS `Дата погружения`,(select concat(`members`.`last_name`,' ',`members`.`first_name`) from `members` where (`members`.`id` = `lb`.`user_id`)) AS `Дайвер`,(select concat(`members`.`last_name`,' ',`members`.`first_name`) from `members` where (`members`.`id` = `lb`.`partner_id`)) AS `Напарник`,`lb`.`site_id` AS `Дайв-сайт`,`lb`.`dive_deep` AS `Глубина погружения`,`lb`.`dive_time` AS `Длительность погружения` from (`log_book` `lb` left join `members` `m` on(((`lb`.`user_id` = `m`.`id`) or (`lb`.`partner_id` = `m`.`id`)))) */;
/*!50001 SET character_set_client      = @saved_cs_client */;
/*!50001 SET character_set_results     = @saved_cs_results */;
/*!50001 SET collation_connection      = @saved_col_connection */;

--
-- Final view structure for view `members_contact_info`
--

/*!50001 DROP VIEW IF EXISTS `members_contact_info`*/;
/*!50001 SET @saved_cs_client          = @@character_set_client */;
/*!50001 SET @saved_cs_results         = @@character_set_results */;
/*!50001 SET @saved_col_connection     = @@collation_connection */;
/*!50001 SET character_set_client      = utf8mb4 */;
/*!50001 SET character_set_results     = utf8mb4 */;
/*!50001 SET collation_connection      = utf8mb4_0900_ai_ci */;
/*!50001 CREATE ALGORITHM=UNDEFINED */
/*!50013 DEFINER=`root`@`localhost` SQL SECURITY DEFINER */
/*!50001 VIEW `members_contact_info` AS select `m`.`id` AS `id`,concat(`m`.`last_name`,`m`.`first_name`) AS `diver`,concat(`aom`.`po_index`,' ',`aom`.`country`,' ',`aom`.`city`,' ',`aom`.`street`,' ',`aom`.`house_number`) AS `adress`,`m`.`email` AS `email`,`m`.`phone` AS `phone` from (`members` `m` left join `adress_of_members` `aom` on((`m`.`id` = `aom`.`user_id`))) */;
/*!50001 SET character_set_client      = @saved_cs_client */;
/*!50001 SET character_set_results     = @saved_cs_results */;
/*!50001 SET collation_connection      = @saved_col_connection */;

--
-- Final view structure for view `most_popular_travel`
--

/*!50001 DROP VIEW IF EXISTS `most_popular_travel`*/;
/*!50001 SET @saved_cs_client          = @@character_set_client */;
/*!50001 SET @saved_cs_results         = @@character_set_results */;
/*!50001 SET @saved_col_connection     = @@collation_connection */;
/*!50001 SET character_set_client      = utf8mb4 */;
/*!50001 SET character_set_results     = utf8mb4 */;
/*!50001 SET collation_connection      = utf8mb4_0900_ai_ci */;
/*!50001 CREATE ALGORITHM=UNDEFINED */
/*!50013 DEFINER=`root`@`localhost` SQL SECURITY DEFINER */
/*!50001 VIEW `most_popular_travel` AS select distinct `tr`.`request_to` AS `travel_id`,count(`tr`.`user_id`) OVER (PARTITION BY `tr`.`request_to` )  AS `Number_of_requests`,`ctl`.`specification` AS `specification` from (`travel_requests` `tr` left join `club_travels_list` `ctl` on((`tr`.`request_to` = `ctl`.`id`))) order by `Number_of_requests` desc */;
/*!50001 SET character_set_client      = @saved_cs_client */;
/*!50001 SET character_set_results     = @saved_cs_results */;
/*!50001 SET collation_connection      = @saved_col_connection */;

--
-- Final view structure for view `top_10_qual_divers`
--

/*!50001 DROP VIEW IF EXISTS `top_10_qual_divers`*/;
/*!50001 SET @saved_cs_client          = @@character_set_client */;
/*!50001 SET @saved_cs_results         = @@character_set_results */;
/*!50001 SET @saved_col_connection     = @@collation_connection */;
/*!50001 SET character_set_client      = utf8mb4 */;
/*!50001 SET character_set_results     = utf8mb4 */;
/*!50001 SET collation_connection      = utf8mb4_0900_ai_ci */;
/*!50001 CREATE ALGORITHM=UNDEFINED */
/*!50013 DEFINER=`root`@`localhost` SQL SECURITY DEFINER */
/*!50001 VIEW `top_10_qual_divers` AS select `m`.`id` AS `id`,concat(`m`.`last_name`,' ',`m`.`first_name`) AS `Diver`,`aom`.`country` AS `From`,`qom`.`step_of_qualification` AS `Rang` from ((`members` `m` left join `adress_of_members` `aom` on((`m`.`id` = `aom`.`user_id`))) left join `qualification_of_members` `qom` on((`m`.`id` = `qom`.`user_id`))) order by `qom`.`step_of_qualification` desc limit 10 */;
/*!50001 SET character_set_client      = @saved_cs_client */;
/*!50001 SET character_set_results     = @saved_cs_results */;
/*!50001 SET collation_connection      = @saved_col_connection */;
/*!40103 SET TIME_ZONE=@OLD_TIME_ZONE */;

/*!40101 SET SQL_MODE=@OLD_SQL_MODE */;
/*!40014 SET FOREIGN_KEY_CHECKS=@OLD_FOREIGN_KEY_CHECKS */;
/*!40014 SET UNIQUE_CHECKS=@OLD_UNIQUE_CHECKS */;
/*!40101 SET CHARACTER_SET_CLIENT=@OLD_CHARACTER_SET_CLIENT */;
/*!40101 SET CHARACTER_SET_RESULTS=@OLD_CHARACTER_SET_RESULTS */;
/*!40101 SET COLLATION_CONNECTION=@OLD_COLLATION_CONNECTION */;
/*!40111 SET SQL_NOTES=@OLD_SQL_NOTES */;

-- Dump completed on 2021-05-22  4:28:43
